Id,Position,First Name,Nickname,Last Name,FPPG,Played,Salary,Game,Team,Opponent,Injury Indicator,Injury Details,Tier,,,Roster Position
123820-129458,WR,Jaxon,Jaxon Smith-Njigba,Smith-Njigba,20.191666920979817,12,9800,SEA@ATL,SEA,ATL,,,,,,WR/FLEX
123820-89675,RB,Jonathan,Jonathan Taylor,Taylor,24.59166717529297,12,9700,IND@JAC,IND,JAC,,,,,,RB/FLEX
123820-91626,RB,James,James Cook III,Cook III,19.241666158040363,12,9300,CIN@BUF,BUF,CIN,,,,,,RB/FLEX
123820-103020,WR,Puka,Puka Nacua,Nacua,17.199999722567473,11,9300,LAR@ARI,LAR,ARI,,,,,,WR/FLEX
123820-138820,RB,De'Von,De'Von Achane,Achane,19.9499994913737,12,9200,MIA@NYJ,MIA,NYJ,,,,,,RB/FLEX
123820-62239,QB,Josh,Josh Allen,Allen,24.264999389648438,12,9200,CIN@BUF,BUF,CIN,,,,,,QB
123820-85701,WR,Ja'Marr,Ja'Marr Chase,Chase,16.699999722567473,11,9100,CIN@BUF,CIN,BUF,,,,,,WR/FLEX
123820-136855,RB,Bijan,Bijan Robinson,Robinson,20.491666158040363,12,9000,SEA@ATL,ATL,SEA,,,,,,RB/FLEX
123820-39280,RB,Derrick,Derrick Henry,Henry,15.191666920979818,12,8700,PIT@BAL,BAL,PIT,,,,,,RB/FLEX
123820-72731,RB,Josh,Josh Jacobs,Jacobs,16.009091463955965,11,8600,CHI@GB,GB,CHI,,,,,,RB/FLEX
123820-91750,TE,Trey,Trey McBride,McBride,15.491666158040365,12,8600,LAR@ARI,ARI,LAR,,,,,,TE/FLEX
123820-45889,WR,Davante,Davante Adams,Adams,15.158332824707031,12,8600,LAR@ARI,LAR,ARI,,,,,,WR/FLEX
123820-102785,QB,Jayden,Jayden Daniels,Daniels,18.926666259765625,6,8500,WAS@MIN,WAS,MIN,Q,Elbow,,,,QB
123820-63115,QB,Lamar,Lamar Jackson,Jackson,17.559999254014755,9,8400,PIT@BAL,BAL,PIT,,,,,,QB
123820-104433,RB,Kyren,Kyren Williams,Williams,14.683333079020182,12,8200,LAR@ARI,LAR,ARI,,,,,,RB/FLEX
123820-85671,WR,Justin,Justin Jefferson,Jefferson,10.77500025431315,12,8100,WAS@MIN,MIN,WAS,,,,,,WR/FLEX
123820-63336,QB,Joe,Joe Burrow,Burrow,11.699999491373697,3,8100,CIN@BUF,CIN,BUF,,,,,,QB
123820-152664,RB,Bucky,Bucky Irving,Irving,16.11999969482422,5,8000,NO@TB,TB,NO,,,,,,RB/FLEX
123820-6654,QB,Matthew,Matthew Stafford,Stafford,20.49333318074544,12,8000,LAR@ARI,LAR,ARI,,,,,,QB
123820-169410,RB,Quinshon,Quinshon Judkins,Judkins,12.736364191228693,11,7900,TEN@CLE,CLE,TEN,,,,,,RB/FLEX
123820-41535,QB,Baker,Baker Mayfield,Mayfield,17.191666920979817,12,7900,NO@TB,TB,NO,,,,,,QB
123820-102965,QB,Bo,Bo Nix,Nix,19.13166681925456,12,7700,DEN@LV,DEN,LV,,,,,,QB
123820-152113,QB,Caleb,Caleb Williams,Williams,18.97333272298177,12,7600,CHI@GB,CHI,GB,,,,,,QB
123820-87770,WR,Chris,Chris Olave,Olave,12.191666920979818,12,7600,NO@TB,NO,TB,,,,,,WR/FLEX
123820-63519,QB,Daniel,Daniel Jones,Jones,19.886666615804035,12,7500,IND@JAC,IND,JAC,,,,,,QB
123820-112745,WR,Drake,Drake London,London,18,9,7500,SEA@ATL,ATL,SEA,Q,Knee - pcl,,,,WR/FLEX
123820-103064,RB,Breece,Breece Hall,Hall,13.538333892822266,12,7500,MIA@NYJ,NYJ,MIA,,,,,,RB/FLEX
123820-69017,QB,Jordan,Jordan Love,Love,17.263333638509113,12,7400,CHI@GB,GB,CHI,,,,,,QB
123820-56018,WR,Deebo,Deebo Samuel Sr.,Samuel Sr.,11.209091186523438,11,7400,WAS@MIN,WAS,MIN,,,,,,WR/FLEX
123820-152655,WR,Emeka,Emeka Egbuka,Egbuka,12.75,12,7300,NO@TB,TB,NO,,,,,,WR/FLEX
123820-63589,QB,Sam,Sam Darnold,Darnold,15.28499984741211,12,7300,SEA@ATL,SEA,ATL,Q,Ankle,,,,QB
123820-151794,TE,Brock,Brock Bowers,Bowers,13.333333333333334,9,7300,DEN@LV,LV,DEN,,,,,,TE/FLEX
123820-89493,RB,Chase,Chase Brown,Brown,12.425000508626303,12,7300,CIN@BUF,CIN,BUF,,,,,,RB/FLEX
123820-73048,WR,DK,DK Metcalf,Metcalf,10.266666412353516,12,7200,PIT@BAL,PIT,BAL,,,,,,WR/FLEX
123820-30231,QB,Jacoby,Jacoby Brissett,Brissett,17.9022216796875,9,7200,LAR@ARI,ARI,LAR,,,,,,QB
123820-63484,QB,Kyler,Kyler Murray,Murray,16.155999755859376,5,7200,LAR@ARI,ARI,LAR,IR,Foot,,,,QB
123820-89951,QB,Trevor,Trevor Lawrence,Lawrence,17.328333536783855,12,7100,IND@JAC,JAC,IND,,,,,,QB
123820-89981,WR,Tee,Tee Higgins,Higgins,11.318181818181818,11,7100,CIN@BUF,CIN,BUF,Q,Concussion,,,,WR/FLEX
123820-90572,QB,Tua,Tua Tagovailoa,Tagovailoa,12.699999491373697,12,7000,MIA@NYJ,MIA,NYJ,,,,,,QB
123820-32384,WR,Mike,Mike Evans,Evans,6.75,4,7000,NO@TB,TB,NO,IR,Collarbone,,,,WR/FLEX
123820-89956,RB,Travis,Travis Etienne Jr.,Etienne Jr.,13.508333841959635,12,7000,IND@JAC,JAC,IND,,,,,,RB/FLEX
123820-112295,WR,Zay,Zay Flowers,Flowers,9.658333460489908,12,6900,PIT@BAL,BAL,PIT,,,,,,WR/FLEX
123820-6894,QB,Aaron,Aaron Rodgers,Rodgers,14.094544844193893,11,6900,PIT@BAL,PIT,BAL,,,,,,QB
123820-152651,WR,Marvin,Marvin Harrison Jr.,Harrison Jr.,10.54000015258789,10,6800,LAR@ARI,ARI,LAR,Q,Heel,,,,WR/FLEX
123820-167031,RB,Ashton,Ashton Jeanty,Jeanty,13.258333841959635,12,6800,DEN@LV,LV,DEN,,,,,,RB/FLEX
123820-29358,QB,Marcus,Marcus Mariota,Mariota,16.451429094587052,7,6800,WAS@MIN,WAS,MIN,,,,,,QB
123820-14377,QB,Tyrod,Tyrod Taylor,Taylor,13.044000244140625,5,6700,MIA@NYJ,NYJ,MIA,,,,,,QB
123820-112057,RB,Jaylen,Jaylen Warren,Warren,12.10909063165838,11,6700,PIT@BAL,PIT,BAL,,,,,,RB/FLEX
123820-90573,WR,Jaylen,Jaylen Waddle,Waddle,11.293333689371744,12,6700,MIA@NYJ,MIA,NYJ,,,,,,WR/FLEX
123820-88431,QB,Tyler,Tyler Shough,Shough,10.303333282470703,6,6600,NO@TB,NO,TB,,,,,,QB
123820-103342,RB,Kenneth,Kenneth Walker III,Walker III,10.65000025431315,12,6600,SEA@ATL,SEA,ATL,,,,,,RB/FLEX
123820-56250,WR,Terry,Terry McLaurin,McLaurin,10.38000030517578,5,6600,WAS@MIN,WAS,MIN,,,,,,WR/FLEX
123820-120033,WR,Rome,Rome Odunze,Odunze,10.841667175292969,12,6500,CHI@GB,CHI,GB,,,,,,WR/FLEX
123820-53729,QB,Mason,Mason Rudolph,Rudolph,3.4,5,6500,PIT@BAL,PIT,BAL,,,,,,QB
123820-22038,QB,Kirk,Kirk Cousins,Cousins,7.844000244140625,5,6500,SEA@ATL,ATL,SEA,,,,,,QB
123820-26483,QB,Geno,Geno Smith,Smith,13.389999389648438,12,6500,DEN@LV,LV,DEN,,,,,,QB
123820-110484,RB,RJ,RJ Harvey,Harvey,9.466666539510092,12,6500,DEN@LV,DEN,LV,,,,,,RB/FLEX
123820-151903,WR,Troy,Troy Franklin,Franklin,9.325000127156576,12,6400,DEN@LV,DEN,LV,,,,,,WR/FLEX
123820-168356,QB,Cam,Cam Ward,Ward,10.194999694824219,12,6400,TEN@CLE,TEN,CLE,,,,,,QB
123820-91598,RB,D'Andre,D'Andre Swift,Swift,14.054546009410512,11,6400,CHI@GB,CHI,GB,,,,,,RB/FLEX
123820-184183,QB,Shedeur,Shedeur Sanders,Sanders,8.09999974568685,3,6400,TEN@CLE,CLE,TEN,,,,,,QB
123820-152575,QB,J.J.,J.J. McCarthy,McCarthy,12.526667277018229,6,6400,WAS@MIN,MIN,WAS,Q,Concussion,,,,QB
123820-57403,WR,Courtland,Courtland Sutton,Sutton,10.925000508626303,12,6300,DEN@LV,DEN,LV,,,,,,WR/FLEX
123820-137530,TE,Tyler,Tyler Warren,Warren,10.666666666666666,12,6300,IND@JAC,IND,JAC,,,,,,TE/FLEX
123820-144102,RB,Kyle,Kyle Monangai,Monangai,9.15000025431315,12,6300,CHI@GB,CHI,GB,,,,,,RB/FLEX
123820-200653,QB,Max,Max Brosmer,Brosmer,0.6299999952316284,4,6300,WAS@MIN,MIN,WAS,,,,,,QB
123820-151745,WR,Brian,Brian Thomas Jr.,Thomas Jr.,8.266666836208767,9,6200,IND@JAC,JAC,IND,,,,,,WR/FLEX
123820-103698,QB,Dillon,Dillon Gabriel,Gabriel,8.008889092339409,9,6200,TEN@CLE,CLE,TEN,,,,,,QB
123820-60947,QB,Jarrett,Jarrett Stidham,Stidham,-0.10000000149011612,1,6200,DEN@LV,DEN,LV,,,,,,QB
123820-64051,QB,Drew,Drew Lock,Lock,0.05000000074505806,2,6200,SEA@ATL,SEA,ATL,,,,,,QB
123820-169776,WR,Christian,Christian Watson,Watson,10.84999974568685,6,6200,CHI@GB,GB,CHI,,,,,,WR/FLEX
123820-154450,QB,Riley,Riley Leonard,Leonard,0.10000000149011612,1,6200,IND@JAC,IND,JAC,,,,,,QB
123820-103376,RB,Zach,Zach Charbonnet,Charbonnet,9.354545593261719,11,6200,SEA@ATL,SEA,ATL,,,,,,RB/FLEX
123820-63634,WR,Jakobi,Jakobi Meyers,Meyers,8.863636363636363,11,6100,IND@JAC,JAC,IND,,,,,,WR/FLEX
123820-55635,WR,Chris,Chris Godwin Jr.,Godwin Jr.,4.849999904632568,4,6100,NO@TB,TB,NO,,,,,,WR/FLEX
123820-142042,RB,Trey,Trey Benson,Benson,7.224999904632568,4,6100,LAR@ARI,ARI,LAR,IR,Knee - meniscus,,,,RB/FLEX
123820-86081,QB,Emory,Emory Jones,Jones,,0,6000,SEA@ATL,ATL,SEA,IR,Concussion,,,,QB
123820-87127,RB,Chris,Chris Rodriguez Jr.,Rodriguez Jr.,6.344444274902344,9,6000,WAS@MIN,WAS,MIN,,,,,,RB/FLEX
123820-160938,QB,Quinn,Quinn Ewers,Ewers,2.119999885559082,1,6000,MIA@NYJ,MIA,NYJ,,,,,,QB
123820-86200,QB,Sean,Sean Clifford,Clifford,,0,6000,CIN@BUF,CIN,BUF,,,,,,QB
123820-93382,QB,Aidan,Aidan O'Connell,O'Connell,11.164444817437065,9,6000,DEN@LV,LV,DEN,,,,,,QB
123820-69833,QB,Shane,Shane Buechele,Buechele,,0,6000,CIN@BUF,BUF,CIN,,,,,,QB
123820-86243,QB,Will,Will Levis,Levis,10.995000203450521,12,6000,TEN@CLE,TEN,CLE,IR,Shoulder,,,,QB
123820-151789,WR,Adonai,Adonai Mitchell,Mitchell,4.327272588556463,11,6000,MIA@NYJ,NYJ,MIA,,,,,,WR/FLEX
123820-86278,QB,Desmond,Desmond Ridder,Ridder,4.784000015258789,5,6000,WAS@MIN,MIN,WAS,,,,,,QB
123820-129315,QB,Anthony,Anthony Richardson Sr.,Richardson Sr.,0.8299999833106995,2,6000,IND@JAC,IND,JAC,IR,Orbital,,,,QB
123820-90406,QB,Zach,Zach Wilson,Wilson,0.7900000214576721,2,6000,MIA@NYJ,MIA,NYJ,,,,,,QB
123820-120105,QB,Will,Will Howard,Howard,,0,6000,PIT@BAL,PIT,BAL,,,,,,QB
123820-86312,WR,Alec,Alec Pierce,Pierce,10.04000015258789,10,6000,IND@JAC,IND,JAC,,,,,,WR/FLEX
123820-54604,QB,Jimmy,Jimmy Garoppolo,Garoppolo,-0.30000001192092896,1,6000,LAR@ARI,LAR,ARI,,,,,,QB
123820-92560,QB,Sam,Sam Ehlinger,Ehlinger,0,1,6000,DEN@LV,DEN,LV,,,,,,QB
123820-103824,QB,Easton,Easton Stick,Stick,,0,6000,SEA@ATL,ATL,SEA,,,,,,QB
123820-70051,QB,Tyler,Tyler Huntley,Huntley,11.680000305175781,2,6000,PIT@BAL,BAL,PIT,,,,,,QB
123820-60840,QB,Jake,Jake Browning,Browning,11.34800033569336,5,6000,CIN@BUF,CIN,BUF,,,,,,QB
123820-110000,QB,Connor,Connor Bazelak,Bazelak,,0,6000,NO@TB,TB,NO,,,,,,QB
123820-185776,QB,Tyson,Tyson Bagent,Bagent,1.2899999618530273,2,6000,CHI@GB,CHI,GB,,,,,,QB
123820-91583,QB,Stetson,Stetson Bennett IV,Bennett IV,0,1,6000,LAR@ARI,LAR,ARI,,,,,,QB
123820-31170,QB,Brandon,Brandon Allen,Allen,2.7866665522257485,3,6000,TEN@CLE,TEN,CLE,,,,,,QB
123820-91591,QB,Justin,Justin Fields,Fields,15.962222629123264,9,6000,MIA@NYJ,NYJ,MIA,,,,,,QB
123820-22994,QB,Case,Case Keenum,Keenum,,0,6000,CHI@GB,CHI,GB,,,,,,QB
123820-33259,QB,Teddy,Teddy Bridgewater,Bridgewater,0.9600000381469727,3,6000,NO@TB,TB,NO,,,,,,QB
123820-40442,RB,Aaron,Aaron Jones Sr.,Jones Sr.,8.125,8,6000,WAS@MIN,MIN,WAS,Q,Shoulder,,,,RB/FLEX
123820-102933,QB,Kedon,Kedon Slovis,Slovis,-0.03999999910593033,2,6000,LAR@ARI,ARI,LAR,,,,,,QB
123820-87594,QB,Sam,Sam Hartman,Hartman,,0,6000,WAS@MIN,WAS,MIN,,,,,,QB
123820-30253,QB,Jeff,Jeff Driskel,Driskel,0,1,6000,LAR@ARI,ARI,LAR,,,,,,QB
123820-6714,QB,Joe,Joe Flacco,Flacco,16.113999938964845,10,6000,CIN@BUF,CIN,BUF,,,,,,QB
123820-112191,QB,John Rhys,John Rhys Plumlee,Plumlee,,0,6000,PIT@BAL,PIT,BAL,,,,,,QB
123820-208467,QB,Cam,Cam Miller,Miller,,0,6000,DEN@LV,LV,DEN,,,,,,QB
123820-41562,QB,Nick,Nick Mullens,Mullens,-0.30000001192092896,1,6000,IND@JAC,JAC,IND,,,,,,QB
123820-87691,QB,Malik,Malik Willis,Willis,3.2100000381469727,2,6000,CHI@GB,GB,CHI,,,,,,QB
123820-44715,QB,Cooper,Cooper Rush,Rush,1.4299999475479126,4,6000,PIT@BAL,BAL,PIT,,,,,,QB
123820-69294,QB,Skylar,Skylar Thompson,Thompson,2.626666704813639,3,6000,PIT@BAL,PIT,BAL,IR,Hamstring,,,,QB
123820-70324,QB,Carson,Carson Wentz,Wentz,16.267999267578126,5,6000,WAS@MIN,MIN,WAS,IR,Shoulder,,,,QB
123820-69304,QB,Kyle,Kyle Trask,Trask,-0.05000000074505806,4,6000,SEA@ATL,ATL,SEA,,,,,,QB
123820-90813,QB,Clayton,Clayton Tune,Tune,-0.3466666539510091,6,6000,CHI@GB,GB,CHI,,,,,,QB
123820-139985,QB,Bailey,Bailey Zappe,Zappe,4.5,2,6000,TEN@CLE,CLE,TEN,,,,,,QB
123820-88797,QB,Michael,Michael Penix Jr.,Penix Jr.,14.03111097547743,9,6000,SEA@ATL,ATL,SEA,IR,Knee - acl,,,,QB
123820-38628,QB,Mitchell,Mitchell Trubisky,Trubisky,0.753333330154419,3,6000,CIN@BUF,BUF,CIN,,,,,,QB
123820-61157,QB,Brett,Brett Rypien,Rypien,0,1,6000,IND@JAC,IND,JAC,,,,,,QB
123820-86793,QB,Jake,Jake Haener,Haener,1.7799999713897705,8,6000,NO@TB,NO,TB,,,,,,QB
123820-28434,QB,Trevor,Trevor Siemian,Siemian,,0,6000,TEN@CLE,TEN,CLE,,,,,,QB
123820-8023,QB,Josh,Josh Johnson,Johnson,0.19499999284744263,4,6000,WAS@MIN,WAS,MIN,,,,,,QB
123820-119641,QB,Brady,Brady Cook,Cook,,0,6000,MIA@NYJ,NYJ,MIA,,,,,,QB
123820-86875,RB,Jordan,Jordan Mason,Mason,8.316666920979818,12,6000,WAS@MIN,MIN,WAS,,,,,,RB/FLEX
123820-154462,QB,Jalen,Jalen Milroe,Milroe,-0.5333333412806193,3,6000,SEA@ATL,SEA,ATL,,,,,,QB
123820-88937,QB,Carter,Carter Bradley,Bradley,,0,6000,IND@JAC,JAC,IND,,,,,,QB
123820-92020,QB,Kenny,Kenny Pickett,Pickett,-0.8399999737739563,2,6000,DEN@LV,LV,DEN,,,,,,QB
123820-56192,QB,John,John Wolford,Wolford,,0,6000,WAS@MIN,MIN,WAS,,,,,,QB
123820-111557,QB,Spencer,Spencer Rattler,Rattler,12.954999923706055,8,6000,NO@TB,NO,TB,,,,,,QB
123820-69777,WR,Darnell,Darnell Mooney,Mooney,4.8799999237060545,10,5900,SEA@ATL,ATL,SEA,,,,,,WR/FLEX
123820-129210,WR,Jordan,Jordan Addison,Addison,9.655555725097656,9,5900,WAS@MIN,MIN,WAS,,,,,,WR/FLEX
123820-154971,RB,Devin,Devin Neal,Neal,3.8428570883614674,7,5900,NO@TB,NO,TB,,,,,,RB/FLEX
123820-86518,WR,Khalil,Khalil Shakir,Shakir,8.658333460489908,12,5900,CIN@BUF,BUF,CIN,,,,,,WR/FLEX
123820-103252,RB,Zonovan,Zonovan Knight,Knight,7.719999694824219,10,5900,LAR@ARI,ARI,LAR,,,,,,RB/FLEX
123820-42104,RB,Alvin,Alvin Kamara,Kamara,7.654545177112926,11,5800,NO@TB,NO,TB,Q,Knee - mcl,,,,RB/FLEX
123820-145558,TE,Dalton,Dalton Kincaid,Kincaid,11.162500381469727,8,5800,CIN@BUF,BUF,CIN,Q,Hamstring,,,,TE/FLEX
123820-94370,WR,Romeo,Romeo Doubs,Doubs,9.058333079020182,12,5800,CHI@GB,GB,CHI,,,,,,WR/FLEX
123820-89455,WR,Jayden,Jayden Reed,Reed,12,1,5800,CHI@GB,GB,CHI,IR,Foot,,,,WR/FLEX
123820-69213,WR,Michael,Michael Pittman Jr.,Pittman Jr.,11.583333333333334,12,5800,IND@JAC,IND,JAC,,,,,,WR/FLEX
123820-137967,RB,Blake,Blake Corum,Corum,4.808333396911621,12,5800,LAR@ARI,LAR,ARI,,,,,,RB/FLEX
123820-102696,WR,John,John Metchie III,Metchie III,4.387499809265137,8,5700,MIA@NYJ,NYJ,MIA,,,,,,WR/FLEX
123820-90428,RB,Tyler,Tyler Allgeier,Allgeier,7.833333333333333,12,5700,SEA@ATL,ATL,SEA,,,,,,RB/FLEX
123820-89612,WR,Michael,Michael Wilson,Wilson,7.833333333333333,12,5700,LAR@ARI,ARI,LAR,,,,,,WR/FLEX
123820-137902,RB,Rachaad,Rachaad White,White,8.258333206176758,12,5700,NO@TB,TB,NO,,,,,,RB/FLEX
123820-110457,WR,Dontayvion,Dontayvion Wicks,Wicks,5.6299999237060545,10,5700,CHI@GB,GB,CHI,,,,,,WR/FLEX
123820-137516,WR,Parker,Parker Washington,Washington,7.766666412353516,12,5600,IND@JAC,JAC,IND,Q,Hip,,,,WR/FLEX
123820-117178,RB,Jacory,Jacory Croskey-Merritt,Croskey-Merritt,7.174999872843425,12,5600,WAS@MIN,WAS,MIN,,,,,,RB/FLEX
123820-90561,WR,Jerry,Jerry Jeudy,Jeudy,5.299999872843425,12,5600,TEN@CLE,CLE,TEN,,,,,,WR/FLEX
123820-63043,WR,DJ,DJ Moore,Moore,8.498333613077799,12,5600,CHI@GB,CHI,GB,,,,,,WR/FLEX
123820-128624,WR,Tez,Tez Johnson,Johnson,6.581818320534446,11,5600,NO@TB,TB,NO,,,,,,WR/FLEX
123820-90912,RB,Kenneth,Kenneth Gainwell,Gainwell,9.291666666666666,12,5600,PIT@BAL,PIT,BAL,,,,,,RB/FLEX
123820-103511,WR,Devaughn,Devaughn Vele,Vele,5.557143075125558,7,5500,NO@TB,NO,TB,,,,,,WR/FLEX
123820-103619,WR,Tre,Tre Tucker,Tucker,9.466666539510092,12,5500,DEN@LV,LV,DEN,,,,,,WR/FLEX
123820-120042,WR,Jalen,Jalen McMillan,McMillan,8.714285714285714,14,5500,NO@TB,TB,NO,IR,Neck,,,,WR/FLEX
123820-129305,WR,Josh,Josh Downs,Downs,6.636363636363637,11,5500,IND@JAC,IND,JAC,,,,,,WR/FLEX
123820-64808,TE,Juwan,Juwan Johnson,Johnson,8.383333206176758,12,5500,NO@TB,NO,TB,,,,,,TE/FLEX
123820-110974,WR,Malik,Malik Washington,Washington,5.724999745686849,12,5500,MIA@NYJ,MIA,NYJ,,,,,,WR/FLEX
123820-185861,RB,Emanuel,Emanuel Wilson,Wilson,6.025000254313151,12,5500,CHI@GB,GB,CHI,,,,,,RB/FLEX
123820-137059,RB,Sean,Sean Tucker,Tucker,5.674999872843425,12,5500,NO@TB,TB,NO,,,,,,RB/FLEX
123820-129112,WR,Chimere,Chimere Dike,Dike,5.358333587646484,12,5400,TEN@CLE,TEN,CLE,,,,,,WR/FLEX
123820-79970,WR,Cooper,Cooper Kupp,Kupp,5.98181845925071,11,5400,SEA@ATL,SEA,ATL,,,,,,WR/FLEX
123820-61555,WR,David,David Sills V,Sills V,3.2142857142857144,7,5400,SEA@ATL,ATL,SEA,,,,,,WR/FLEX
123820-103587,TE,Brenton,Brenton Strange,Strange,7.742857251848493,7,5400,IND@JAC,JAC,IND,,,,,,TE/FLEX
123820-52436,TE,Mark,Mark Andrews,Andrews,7.683333079020183,12,5400,PIT@BAL,BAL,PIT,,,,,,TE/FLEX
123820-56648,RB,Jeremy,Jeremy McNichols,McNichols,4.590909090909091,11,5400,WAS@MIN,WAS,MIN,,,,,,RB/FLEX
123820-90870,WR,Calvin,Calvin Austin III,Austin III,5.279999923706055,10,5400,PIT@BAL,PIT,BAL,,,,,,WR/FLEX
123820-157467,WR,Keon,Keon Coleman,Coleman,7.590000152587891,10,5400,CIN@BUF,BUF,CIN,,,,,,WR/FLEX
123820-160620,RB,Bhayshul,Bhayshul Tuten,Tuten,5.666666666666667,12,5400,IND@JAC,JAC,IND,,,,,,RB/FLEX
123820-166916,WR,Matthew,Matthew Golden,Golden,5.011110941569011,9,5300,CHI@GB,GB,CHI,Q,Wrist,,,,WR/FLEX
123820-86080,TE,Kyle,Kyle Pitts Sr.,Pitts Sr.,7.341666539510091,12,5300,SEA@ATL,ATL,SEA,,,,,,TE/FLEX
123820-16606,WR,DeAndre,DeAndre Hopkins,Hopkins,3.8500000635782876,12,5300,PIT@BAL,BAL,PIT,,,,,,WR/FLEX
123820-52451,RB,Samaje,Samaje Perine,Perine,3.470000076293945,10,5300,CIN@BUF,CIN,BUF,,,,,,RB/FLEX
123820-63759,RB,Tony,Tony Pollard,Pollard,7.900000254313151,12,5300,TEN@CLE,TEN,CLE,,,,,,RB/FLEX
123820-170287,WR,Rashid,Rashid Shaheed,Shaheed,7.284615149864783,13,5300,SEA@ATL,SEA,ATL,,,,,,WR/FLEX
123820-27050,WR,Tyler,Tyler Lockett,Lockett,2.7916666666666665,12,5300,DEN@LV,LV,DEN,,,,,,WR/FLEX
123820-172699,TE,Harold,Harold Fannin Jr.,Fannin Jr.,7.75,12,5300,TEN@CLE,CLE,TEN,,,,,,TE/FLEX
123820-137953,TE,AJ,AJ Barner,Barner,7.141666412353516,12,5300,SEA@ATL,SEA,ATL,,,,,,TE/FLEX
123820-155551,WR,Pat,Pat Bryant,Bryant,4.6999999152289496,9,5300,DEN@LV,DEN,LV,,,,,,WR/FLEX
123820-29780,TE,Zach,Zach Ertz,Ertz,8.566666920979818,12,5200,WAS@MIN,WAS,MIN,,,,,,TE/FLEX
123820-166112,RB,Ollie,Ollie Gordon II,Gordon II,3.4500001271565757,12,5200,MIA@NYJ,MIA,NYJ,,,,,,RB/FLEX
123820-120093,WR,Marvin,Marvin Mims Jr.,Mims Jr.,5.270000076293945,10,5200,DEN@LV,DEN,LV,,,,,,WR/FLEX
123820-45565,TE,Taysom,Taysom Hill,Hill,2.2699999809265137,8,5200,NO@TB,NO,TB,,,,,,TE/FLEX
123820-147051,RB,Jaleel,Jaleel McLaughlin,McLaughlin,3.7999998728434243,3,5200,DEN@LV,DEN,LV,,,,,,RB/FLEX
123820-166588,TE,Colston,Colston Loveland,Loveland,7.009090770374645,11,5200,CHI@GB,CHI,GB,,,,,,TE/FLEX
123820-29501,WR,Brandin,Brandin Cooks,Cooks,2.779999923706055,10,5200,CIN@BUF,BUF,CIN,,,,,,WR/FLEX
123820-172861,WR,Elic,Elic Ayomanor,Ayomanor,5.490909229625355,11,5200,TEN@CLE,TEN,CLE,,,,,,WR/FLEX
123820-27477,WR,Sterling,Sterling Shepard,Shepard,5.125,12,5200,NO@TB,TB,NO,,,,,,WR/FLEX
123820-128986,WR,Jaylin,Jaylin Lane,Lane,2.933333396911621,12,5200,WAS@MIN,WAS,MIN,,,,,,WR/FLEX
123820-71706,TE,T.J.,T.J. Hockenson,Hockenson,5.816666920979817,12,5100,WAS@MIN,MIN,WAS,,,,,,TE/FLEX
123820-28744,RB,Raheem,Raheem Mostert,Mostert,2.288888931274414,9,5100,DEN@LV,LV,DEN,,,,,,RB/FLEX
123820-166092,WR,Luther,Luther Burden III,Burden III,5.200000069358132,11,5100,CHI@GB,CHI,GB,,,,,,WR/FLEX
123820-93539,RB,Michael,Michael Carter,Carter,6.224999904632568,8,5100,LAR@ARI,ARI,LAR,,,,,,RB/FLEX
123820-25011,TE,Darren,Darren Waller,Waller,11.600000381469727,4,5100,MIA@NYJ,MIA,NYJ,,,,,,TE/FLEX
123820-110259,WR,Treylon,Treylon Burks,Burks,5.400000254313151,3,5100,WAS@MIN,WAS,MIN,,,,,,WR/FLEX
123820-86811,TE,Cade,Cade Otton,Otton,5.690908952192827,11,5100,NO@TB,TB,NO,,,,,,TE/FLEX
123820-69558,WR,Greg,Greg Dortch,Dortch,5.049999872843425,12,5100,LAR@ARI,ARI,LAR,,,,,,WR/FLEX
123820-64496,WR,Olamide,Olamide Zaccheaus,Zaccheaus,4.845454476096413,11,5100,CHI@GB,CHI,GB,,,,,,WR/FLEX
123820-71705,TE,Noah,Noah Fant,Fant,5.679999923706054,10,5000,CIN@BUF,CIN,BUF,,,,,,TE/FLEX
123820-87260,TE,Isaiah,Isaiah Likely,Likely,3.6624999046325684,8,5000,PIT@BAL,BAL,PIT,,,,,,TE/FLEX
123820-12531,D,Denver,Denver Broncos,Broncos,7.916666666666667,12,5000,DEN@LV,DEN,LV,,,,,,DEF
123820-185593,WR,Andrei,Andrei Iosivas,Iosivas,6,10,5000,CIN@BUF,CIN,BUF,,,,,,WR/FLEX
123820-94534,WR,Gabe,Gabe Davis,Davis,3.066666603088379,3,5000,CIN@BUF,BUF,CIN,,,,,,WR/FLEX
123820-94579,RB,Emari,Emari Demercado,Demercado,4.8125,8,5000,LAR@ARI,ARI,LAR,Q,Ankle,,,,RB/FLEX
123820-87432,WR,Cedric,Cedric Tillman,Tillman,4.737500190734863,8,5000,TEN@CLE,CLE,TEN,,,,,,WR/FLEX
123820-89588,TE,Colby,Colby Parkinson,Parkinson,5.177777608235677,9,5000,LAR@ARI,LAR,ARI,,,,,,TE/FLEX
123820-63050,RB,Ty,Ty Johnson,Johnson,3.883333206176758,12,5000,CIN@BUF,BUF,CIN,,,,,,RB/FLEX
123820-41872,TE,Evan,Evan Engram,Engram,5.418181679465554,11,5000,DEN@LV,DEN,LV,,,,,,TE/FLEX
123820-56248,WR,Noah,Noah Brown,Brown,2.549999952316284,2,5000,WAS@MIN,WAS,MIN,IR,Groin,,,,WR/FLEX
123820-64585,TE,Dawson,Dawson Knox,Knox,3.4363635670055044,11,4900,CIN@BUF,BUF,CIN,,,,,,TE/FLEX
123820-88297,TE,Chig,Chig Okonkwo,Okonkwo,5.008333206176758,12,4900,TEN@CLE,TEN,CLE,,,,,,TE/FLEX
123820-12529,D,Cleveland,Cleveland Browns,Browns,8.166666666666666,12,4900,TEN@CLE,CLE,TEN,,,,,,DEF
123820-33047,WR,Chris,Chris Moore,Moore,3.887500047683716,8,4900,WAS@MIN,WAS,MIN,,,,,,WR/FLEX
123820-133477,TE,Darnell,Darnell Washington,Washington,5.177777608235677,9,4900,PIT@BAL,PIT,BAL,,,,,,TE/FLEX
123820-87418,WR,Joshua,Joshua Palmer,Palmer,4.525000095367432,8,4900,CIN@BUF,BUF,CIN,Q,Ankle,,,,WR/FLEX
123820-174486,RB,Dylan,Dylan Sampson,Sampson,4.516666730244954,12,4900,TEN@CLE,CLE,TEN,Q,Calf,,,,RB/FLEX
123820-94887,RB,Tyler,Tyler Badie,Badie,1.8399999618530274,10,4900,DEN@LV,DEN,LV,,,,,,RB/FLEX
123820-103195,WR,Jordan,Jordan Whittington,Whittington,2.3899999618530274,10,4900,LAR@ARI,LAR,ARI,,,,,,WR/FLEX
123820-91047,TE,Cole,Cole Kmet,Kmet,4.099999861283735,11,4900,CHI@GB,CHI,GB,,,,,,TE/FLEX
123820-64581,WR,Van,Van Jefferson,Jefferson,3.85,10,4800,TEN@CLE,TEN,CLE,,,,,,WR/FLEX
123820-168054,TE,Mason,Mason Taylor,Taylor,4.941666603088379,12,4800,MIA@NYJ,NYJ,MIA,,,,,,TE/FLEX
123820-174245,WR,Isaiah,Isaiah Bond,Bond,2.95,10,4800,TEN@CLE,CLE,TEN,,,,,,WR/FLEX
123820-12550,D,Seattle,Seattle Seahawks,Seahawks,11.25,12,4800,SEA@ATL,SEA,ATL,,,,,,DEF
123820-113228,TE,Luke,Luke Musgrave,Musgrave,2.15,10,4800,CHI@GB,GB,CHI,,,,,,TE/FLEX
123820-152148,TE,Gunnar,Gunnar Helm,Helm,4.416666666666667,12,4800,TEN@CLE,TEN,CLE,,,,,,TE/FLEX
123820-92859,WR,Jalen,Jalen Nailor,Nailor,5.024999936421712,12,4800,WAS@MIN,MIN,WAS,,,,,,WR/FLEX
123820-138998,TE,Michael,Michael Mayer,Mayer,3.9111111958821616,9,4800,DEN@LV,LV,DEN,Q,Ankle,,,,TE/FLEX
123820-107293,RB,Tyjae,Tyjae Spears,Spears,6.637499809265137,8,4800,TEN@CLE,TEN,CLE,,,,,,RB/FLEX
123820-85845,WR,Rashod,Rashod Bateman,Bateman,4.1400001525878904,10,4800,PIT@BAL,BAL,PIT,,,,,,WR/FLEX
123820-71521,RB,Justice,Justice Hill,Hill,5.470000076293945,10,4800,PIT@BAL,BAL,PIT,IR,Neck,,,,RB/FLEX
123820-151741,WR,Jack,Jack Bech,Bech,2.049999952316284,8,4700,DEN@LV,LV,DEN,,,,,,WR/FLEX
123820-86244,TE,Pat,Pat Freiermuth,Freiermuth,6.980000305175781,10,4700,PIT@BAL,PIT,BAL,,,,,,TE/FLEX
123820-12538,D,Los Angeles,Los Angeles Rams,Rams,8.916666666666666,12,4700,LAR@ARI,LAR,ARI,,,,,,DEF
123820-151915,TE,Terrance,Terrance Ferguson,Ferguson,3.1857141767229353,7,4700,LAR@ARI,LAR,ARI,,,,,,TE/FLEX
123820-113096,WR,Xavier,Xavier Smith,Smith,1.9727273420854048,11,4700,LAR@ARI,LAR,ARI,,,,,,WR/FLEX
123820-160213,RB,Isaiah,Isaiah Davis,Davis,2.9166666666666665,12,4700,MIA@NYJ,NYJ,MIA,,,,,,RB/FLEX
123820-72182,WR,Dee,Dee Eskridge,Eskridge,0.7749999761581421,8,4700,MIA@NYJ,MIA,NYJ,,,,,,WR/FLEX
123820-201260,WR,Mason,Mason Tipton,Tipton,1.6399999618530274,5,4700,NO@TB,NO,TB,,,,,,WR/FLEX
123820-138037,WR,Roman,Roman Wilson,Wilson,3.6222220526801214,9,4700,PIT@BAL,PIT,BAL,,,,,,WR/FLEX
123820-166749,RB,LeQuint,LeQuint Allen Jr.,Allen Jr.,1.2166666984558105,12,4700,IND@JAC,JAC,IND,,,,,,RB/FLEX
123820-56265,TE,Mike,Mike Gesicki,Gesicki,2.642857142857143,7,4700,CIN@BUF,CIN,BUF,,,,,,TE/FLEX
123820-55335,TE,David,David Njoku,Njoku,6.320000076293946,10,4600,TEN@CLE,CLE,TEN,,,,,,TE/FLEX
123820-12551,D,Tampa Bay,Tampa Bay Buccaneers,Buccaneers,6.666666666666667,12,4600,NO@TB,TB,NO,,,,,,DEF
123820-103694,RB,Ray,Ray Davis,Davis,2.199999968210856,12,4600,CIN@BUF,BUF,CIN,,,,,,RB/FLEX
123820-151909,WR,Dont'e,Dont'e Thornton Jr.,Thornton Jr.,1.8111110263400607,9,4600,DEN@LV,LV,DEN,Q,Concussion,,,,WR/FLEX
123820-154000,WR,Konata,Konata Mumpfield,Mumpfield,2.339999961853027,5,4600,LAR@ARI,LAR,ARI,,,,,,WR/FLEX
123820-112041,WR,Isaiah,Isaiah Williams,Williams,1.4555555979410808,9,4600,MIA@NYJ,NYJ,MIA,,,,,,WR/FLEX
123820-92677,RB,Zavier,Zavier Scott,Scott,4.299999872843425,6,4600,WAS@MIN,MIN,WAS,,,,,,RB/FLEX
123820-152103,RB,Jaylen,Jaylen Wright,Wright,1.75,4,4600,MIA@NYJ,MIA,NYJ,,,,,,RB/FLEX
123820-91931,TE,Greg,Greg Dulcich,Dulcich,4.074999809265137,4,4600,MIA@NYJ,MIA,NYJ,,,,,,TE/FLEX
123820-128912,WR,Mitch,Mitch Tinsley,Tinsley,4.25,6,4600,CIN@BUF,CIN,BUF,,,,,,WR/FLEX
123820-48116,TE,Jonnu,Jonnu Smith,Smith,3.9750000635782876,12,4600,PIT@BAL,PIT,BAL,,,,,,TE/FLEX
123820-137265,TE,Ben,Ben Sinnott,Sinnott,3.6000000635782876,3,4500,WAS@MIN,WAS,MIN,,,,,,TE/FLEX
123820-130270,TE,Adam,Adam Trautman,Trautman,3.375,8,4500,DEN@LV,DEN,LV,,,,,,TE/FLEX
123820-12555,D,Baltimore,Baltimore Ravens,Ravens,4.75,12,4500,PIT@BAL,BAL,PIT,,,,,,DEF
123820-93538,WR,Dyami,Dyami Brown,Brown,4.444444444444445,9,4500,IND@JAC,JAC,IND,,,,,,WR/FLEX
123820-71031,WR,Lil'Jordan,Lil'Jordan Humphrey,Humphrey,2.5,3,4500,DEN@LV,DEN,LV,,,,,,WR/FLEX
123820-110978,RB,Evan,Evan Hull,Hull,1.5,1,4500,NO@TB,NO,TB,,,,,,RB/FLEX
123820-52613,WR,Curtis,Curtis Samuel,Samuel,2.933333396911621,6,4500,CIN@BUF,BUF,CIN,IR,Elbow,,,,WR/FLEX
123820-90533,RB,Jerome,Jerome Ford,Ford,2.383333365122477,12,4500,TEN@CLE,CLE,TEN,,,,,,RB/FLEX
123820-91618,TE,John,John FitzPatrick,FitzPatrick,1.9285714285714286,7,4500,CHI@GB,GB,CHI,,,,,,TE/FLEX
123820-63186,WR,James,James Proche II,Proche II,3.75,2,4500,TEN@CLE,TEN,CLE,,,,,,WR/FLEX
123820-86747,WR,Dylan,Dylan Drummond,Drummond,2.049999952316284,2,4500,SEA@ATL,ATL,SEA,,,,,,WR/FLEX
123820-92976,WR,Tutu,Tutu Atwell,Atwell,4.8799999237060545,5,4500,LAR@ARI,LAR,ARI,IR,Hamstring,,,,WR/FLEX
123820-120642,WR,Savion,Savion Williams,Williams,1.7818182164972478,11,4500,CHI@GB,GB,CHI,Q,Foot,,,,WR/FLEX
123820-64389,WR,Nick,Nick Westbrook-Ikhine,Westbrook-Ikhine,1.5999999576144748,9,4500,MIA@NYJ,MIA,NYJ,,,,,,WR/FLEX
123820-68712,WR,Tyler,Tyler Johnson,Johnson,4.242857251848493,7,4400,MIA@NYJ,NYJ,MIA,,,,,,WR/FLEX
123820-12552,D,Washington,Washington Commanders,Commanders,4.166666666666667,12,4400,WAS@MIN,WAS,MIN,,,,,,DEF
123820-91488,RB,Chris,Chris Brooks,Brooks,1.4899999618530273,10,4400,CHI@GB,GB,CHI,,,,,,RB/FLEX
123820-56809,WR,Allen,Allen Lazard,Lazard,2.414285659790039,7,4400,MIA@NYJ,NYJ,MIA,,,,,,WR/FLEX
123820-200291,TE,Jackson,Jackson Hawes,Hawes,3.600000169542101,9,4400,CIN@BUF,BUF,CIN,,,,,,TE/FLEX
123820-134837,WR,Tory,Tory Horton,Horton,7.324999809265137,8,4400,SEA@ATL,SEA,ATL,IR,Shin,,,,WR/FLEX
123820-65231,RB,Adam,Adam Prentice,Prentice,0.9111110899183485,9,4400,DEN@LV,DEN,LV,,,,,,RB/FLEX
123820-57091,WR,Tim,Tim Patrick,Patrick,2.822222179836697,9,4400,IND@JAC,JAC,IND,,,,,,WR/FLEX
123820-86800,TE,Colson,Colson Yankoff,Yankoff,1.399999976158142,2,4400,WAS@MIN,WAS,MIN,,,,,,TE/FLEX
123820-201535,WR,Kameron,Kameron Johnson,Johnson,1.3083333174387615,12,4400,NO@TB,TB,NO,,,,,,WR/FLEX
123820-134023,RB,Keaton,Keaton Mitchell,Mitchell,3.799999952316284,8,4400,PIT@BAL,BAL,PIT,,,,,,RB/FLEX
123820-128913,WR,Malachi,Malachi Corley,Corley,1.9428571973528181,7,4400,TEN@CLE,CLE,TEN,,,,,,WR/FLEX
123820-41997,WR,River,River Cracraft,Cracraft,2.0200000762939454,5,4300,WAS@MIN,WAS,MIN,,,,,,WR/FLEX
123820-12526,D,Buffalo,Buffalo Bills,Bills,6.5,12,4300,CIN@BUF,BUF,CIN,,,,,,DEF
123820-137488,RB,Rasheen,Rasheen Ali,Ali,0.5249999761581421,8,4300,PIT@BAL,BAL,PIT,,,,,,RB/FLEX
123820-102831,TE,Davis,Davis Allen,Allen,3.6545455239035864,11,4300,LAR@ARI,LAR,ARI,,,,,,TE/FLEX
123820-60930,RB,Myles,Myles Gaskin,Gaskin,0.6000000238418579,1,4300,SEA@ATL,SEA,ATL,,,,,,RB/FLEX
123820-129560,WR,Xavier,Xavier Restrepo,Restrepo,2.799999952316284,2,4300,TEN@CLE,TEN,CLE,Q,Ankle,,,,WR/FLEX
123820-138786,WR,Malik,Malik Heath,Heath,2.3200000762939452,5,4300,CHI@GB,GB,CHI,,,,,,WR/FLEX
123820-104012,WR,Ashton,Ashton Dulin,Dulin,1.9444444444444444,9,4300,IND@JAC,IND,JAC,IR,Hamstring,,,,WR/FLEX
123820-137122,RB,Tahj,Tahj Brooks,Brooks,0.5599999904632569,5,4300,CIN@BUF,CIN,BUF,Q,Concussion,,,,RB/FLEX
123820-168916,RB,Kaleb,Kaleb Johnson,Johnson,0.6875,8,4300,PIT@BAL,PIT,BAL,,,,,,RB/FLEX
123820-64634,WR,Alex,Alex Bachman,Bachman,0.17499999701976776,8,4200,DEN@LV,LV,DEN,,,,,,WR/FLEX
123820-112780,WR,Jamari,Jamari Thrash,Thrash,1.962499976158142,8,4200,TEN@CLE,CLE,TEN,,,,,,WR/FLEX
123820-83117,TE,Tanner,Tanner Hudson,Hudson,4.766666730244954,6,4200,CIN@BUF,CIN,BUF,,,,,,TE/FLEX
123820-105648,RB,Tyler,Tyler Goodson,Goodson,0.42857142857142855,7,4200,IND@JAC,IND,JAC,,,,,,RB/FLEX
123820-86255,TE,Josh,Josh Whyle,Whyle,2.433333396911621,3,4200,CHI@GB,GB,CHI,,,,,,TE/FLEX
123820-12535,D,Indianapolis,Indianapolis Colts,Colts,7.666666666666667,12,4200,IND@JAC,IND,JAC,,,,,,DEF
123820-60712,TE,Foster,Foster Moreau,Moreau,1.2600000381469727,5,4200,NO@TB,NO,TB,,,,,,TE/FLEX
123820-133478,WR,Arian,Arian Smith,Smith,0.9777777989705404,9,4200,MIA@NYJ,NYJ,MIA,,,,,,WR/FLEX
123820-63907,TE,Josh,Josh Oliver,Oliver,3.1000001089913503,7,4200,WAS@MIN,MIN,WAS,,,,,,TE/FLEX
123820-40371,TE,Johnny,Johnny Mundt,Mundt,1.5,9,4200,IND@JAC,JAC,IND,,,,,,TE/FLEX
123820-92606,WR,Bo,Bo Melton,Melton,1.0428571701049805,7,4200,CHI@GB,GB,CHI,,,,,,WR/FLEX
123820-90583,WR,Tyrell,Tyrell Shavers,Shavers,4.100000108991351,7,4200,CIN@BUF,BUF,CIN,,,,,,WR/FLEX
123820-87515,WR,Tylan,Tylan Wallace,Wallace,1.5625,8,4200,PIT@BAL,BAL,PIT,,,,,,WR/FLEX
123820-201230,RB,Dylan,Dylan Laube,Laube,0.3166666626930237,12,4200,DEN@LV,LV,DEN,,,,,,RB/FLEX
123820-102986,TE,Elijah,Elijah Higgins,Higgins,2.4899999618530275,10,4200,LAR@ARI,ARI,LAR,,,,,,TE/FLEX
123820-114252,WR,Xavier,Xavier Weaver,Weaver,0.7800000190734864,5,4200,LAR@ARI,ARI,LAR,,,,,,WR/FLEX
123820-147049,TE,Drew,Drew Ogletree,Ogletree,3.0333334604899087,3,4200,IND@JAC,IND,JAC,,,,,,TE/FLEX
123820-88685,WR,Austin,Austin Trammell,Trammell,1.2199999809265136,5,4200,IND@JAC,JAC,IND,,,,,,WR/FLEX
123820-85635,TE,Charlie,Charlie Kolar,Kolar,2.9444444444444446,9,4200,PIT@BAL,BAL,PIT,,,,,,TE/FLEX
123820-71351,TE,Charlie,Charlie Woerner,Woerner,1.1600000381469726,5,4200,SEA@ATL,ATL,SEA,,,,,,TE/FLEX
123820-152258,TE,Elijah,Elijah Arroyo,Arroyo,2.449999968210856,12,4200,SEA@ATL,SEA,ATL,,,,,,TE/FLEX
123820-92890,WR,Cody,Cody White,White,2.5166667302449546,6,4200,SEA@ATL,SEA,ATL,,,,,,WR/FLEX
123820-87815,TE,Jeremy,Jeremy Ruckert,Ruckert,3.0111111534966364,9,4200,MIA@NYJ,NYJ,MIA,,,,,,TE/FLEX
123820-39716,WR,Adam,Adam Thielen,Thielen,1.4333332909478083,9,4200,WAS@MIN,MIN,WAS,,,,,,WR/FLEX
123820-72515,TE,Ian,Ian Thomas,Thomas,2.5333333015441895,6,4200,DEN@LV,LV,DEN,,,,,,TE/FLEX
123820-156527,WR,Devontez,Devontez Walker,Walker,5.75,4,4200,PIT@BAL,BAL,PIT,,,,,,WR/FLEX
123820-42046,TE,Durham,Durham Smythe,Smythe,1.100000023841858,2,4100,CHI@GB,CHI,GB,,,,,,TE/FLEX
123820-133180,TE,Ben,Ben Yurosek,Yurosek,0.5,2,4100,WAS@MIN,MIN,WAS,,,,,,TE/FLEX
123820-95370,TE,Ryan,Ryan Miller,Miller,1.7333332697550456,6,4100,NO@TB,TB,NO,,,,,,TE/FLEX
123820-54426,TE,Andrew,Andrew Beck,Beck,1.7666667302449544,6,4100,MIA@NYJ,NYJ,MIA,,,,,,TE/FLEX
123820-170184,RB,Julius,Julius Chestnut,Chestnut,0.48750001192092896,8,4100,TEN@CLE,TEN,CLE,,,,,,RB/FLEX
123820-93391,TE,Payne,Payne Durham,Durham,0.5333333412806193,3,4100,NO@TB,TB,NO,,,,,,TE/FLEX
123820-170188,TE,Tanner,Tanner Conner,Conner,1.9428571973528181,7,4100,MIA@NYJ,MIA,NYJ,,,,,,TE/FLEX
123820-63717,RB,Alec,Alec Ingold,Ingold,1.1666666666666667,6,4100,MIA@NYJ,MIA,NYJ,Q,Shoulder,,,,RB/FLEX
123820-12533,D,Green Bay,Green Bay Packers,Packers,6.083333333333333,12,4100,CHI@GB,GB,CHI,,,,,,DEF
123820-85306,WR,KhaDarel,KhaDarel Hodge,Hodge,1.149999976158142,4,4100,SEA@ATL,ATL,SEA,,,,,,WR/FLEX
123820-56711,TE,Drew,Drew Sample,Sample,1.9428571973528181,7,4100,CIN@BUF,CIN,BUF,,,,,,TE/FLEX
123820-71105,WR,Ben,Ben Skowronek,Skowronek,1.8714286259242467,7,4100,PIT@BAL,PIT,BAL,,,,,,WR/FLEX
123820-102882,WR,Anthony,Anthony Gould,Gould,0.08888889021343654,9,4100,IND@JAC,IND,JAC,,,,,,WR/FLEX
123820-185850,TE,Julian,Julian Hill,Hill,2.075000047683716,8,4100,MIA@NYJ,MIA,NYJ,,,,,,TE/FLEX
123820-27229,RB,Ameer,Ameer Abdullah,Abdullah,1.9375,8,4100,IND@JAC,IND,JAC,,,,,,RB/FLEX
123820-155293,RB,DJ,DJ Giddens,Giddens,1.649999976158142,4,4100,IND@JAC,IND,JAC,,,,,,RB/FLEX
123820-119697,RB,MarShawn,MarShawn Lloyd,Lloyd,2.299999952316284,1,4100,CHI@GB,GB,CHI,IR,Hamstring,,,,RB/FLEX
123820-93075,TE,Hunter,Hunter Long,Long,3.7857142857142856,7,4100,IND@JAC,JAC,IND,,,,,,TE/FLEX
123820-157609,WR,Gage,Gage Larvadain,Larvadain,0.6000000238418579,8,4100,TEN@CLE,CLE,TEN,,,,,,WR/FLEX
123820-24533,TE,Mo,Mo Alie-Cox,Alie-Cox,1.1999999455043249,7,4100,IND@JAC,IND,JAC,,,,,,TE/FLEX
123820-57338,TE,Jordan,Jordan Akins,Akins,4.4375,16,4100,IND@JAC,JAC,IND,,,,,,TE/FLEX
123820-72705,TE,John,John Bates,Bates,1.8500000635782878,6,4000,WAS@MIN,WAS,MIN,,,,,,TE/FLEX
123820-70661,WR,Velus,Velus Jones Jr.,Jones Jr.,0,3,4000,SEA@ATL,SEA,ATL,,,,,,WR/FLEX
123820-90123,TE,Quintin,Quintin Morris,Morris,1.1666666666666667,3,4000,IND@JAC,JAC,IND,,,,,,TE/FLEX
123820-139284,RB,Frank,Frank Gore Jr.,Gore Jr.,,0,4000,CIN@BUF,BUF,CIN,,,,,,RB/FLEX
123820-110617,WR,Isaiah,Isaiah Neyor,Neyor,,0,4000,CHI@GB,GB,CHI,,,,,,WR/FLEX
123820-110616,TE,Treyton,Treyton Welch,Welch,,0,4000,NO@TB,NO,TB,,,,,,TE/FLEX
123820-137254,RB,Deuce,Deuce Vaughn,Vaughn,1.7166666984558105,6,4000,DEN@LV,DEN,LV,,,,,,RB/FLEX
123820-138277,WR,Jalen,Jalen Brooks,Brooks,2.284615443303035,13,4000,LAR@ARI,ARI,LAR,,,,,,WR/FLEX
123820-154661,WR,Michael,Michael Bandy,Bandy,0.05000000074505806,2,4000,DEN@LV,DEN,LV,,,,,,WR/FLEX
123820-64555,WR,Calvin,Calvin Ridley,Ridley,5.971428462437221,7,4000,TEN@CLE,TEN,CLE,IR,Lower leg,,,,WR/FLEX
123820-88109,RB,Gary,Gary Brightwell,Brightwell,0,2,4000,CIN@BUF,CIN,BUF,,,,,,RB/FLEX
123820-152631,WR,Samori,Samori Toure,Toure,,0,4000,NO@TB,NO,TB,,,,,,WR/FLEX
123820-86075,TE,Lucas,Lucas Krull,Krull,1.25,2,4000,DEN@LV,DEN,LV,IR,Foot,,,,TE/FLEX
123820-87109,WR,Bryce,Bryce Oliver,Oliver,1.2999999523162842,1,4000,TEN@CLE,TEN,CLE,IR,Knee,,,,WR/FLEX
123820-174148,RB,Carlos,Carlos Washington Jr.,Washington Jr.,,0,4000,SEA@ATL,ATL,SEA,,,,,,RB/FLEX
123820-72776,RB,Alexander,Alexander Mattison,Mattison,7.96000010172526,15,4000,MIA@NYJ,MIA,NYJ,IR,Neck,,,,RB/FLEX
123820-112715,WR,Joshua,Joshua Cephus,Cephus,,0,4000,IND@JAC,JAC,IND,IR,Undisclosed,,,,WR/FLEX
123820-170056,WR,Dee,Dee Williams,Williams,-0.5,12,4000,TEN@CLE,CLE,TEN,,,,,,WR/FLEX
123820-87117,TE,Brenden,Brenden Bates,Bates,3.299999952316284,1,4000,TEN@CLE,CLE,TEN,Q,Ankle,,,,TE/FLEX
123820-103506,TE,Nick,Nick Kallerup,Kallerup,0,2,4000,SEA@ATL,SEA,ATL,,,,,,TE/FLEX
123820-155733,RB,Montrell,Montrell Johnson Jr.,Johnson Jr.,,0,4000,LAR@ARI,ARI,LAR,,,,,,RB/FLEX
123820-65627,WR,Maurice,Maurice Alexander,Alexander,0,1,4000,CHI@GB,CHI,GB,,,,,,WR/FLEX
123820-89185,TE,Ben,Ben Sims,Sims,1.2399999618530273,5,4000,WAS@MIN,MIN,WAS,,,,,,TE/FLEX
123820-79979,WR,Jamal,Jamal Agnew,Agnew,-0.2,10,4000,SEA@ATL,ATL,SEA,,,,,,WR/FLEX
123820-68714,TE,Ko,Ko Kieft,Kieft,0,1,4000,NO@TB,TB,NO,IR,Leg,,,,TE/FLEX
123820-86125,WR,Brandon,Brandon Smith,Smith,,0,4000,MIA@NYJ,NYJ,MIA,,,,,,WR/FLEX
123820-79980,TE,Eric,Eric Saubert,Saubert,0.8500000238418579,2,4000,SEA@ATL,SEA,ATL,IR,Calf,,,,TE/FLEX
123820-64627,WR,Scotty,Scotty Washington,Washington,,0,4000,PIT@BAL,BAL,PIT,,,,,,WR/FLEX
123820-158836,RB,Lucas,Lucas Scott,Scott,,0,4000,PIT@BAL,BAL,PIT,,,,,,RB/FLEX
123820-46200,TE,Daniel,Daniel Brunskill,Brunskill,0,1,4000,MIA@NYJ,MIA,NYJ,,,,,,TE/FLEX
123820-103547,WR,Luke,Luke McCaffrey,McCaffrey,5.088888804117839,9,4000,WAS@MIN,WAS,MIN,IR,Collarbone,,,,WR/FLEX
123820-68730,TE,Sean,Sean McKeon,McKeon,,0,4000,IND@JAC,IND,JAC,,,,,,TE/FLEX
123820-80001,RB,Austin,Austin Ekeler,Ekeler,5.300000190734863,2,4000,WAS@MIN,WAS,MIN,IR,Achilles,,,,RB/FLEX
123820-110721,WR,Dayton,Dayton Wade,Wade,,0,4000,PIT@BAL,BAL,PIT,IR,Ribs,,,,WR/FLEX
123820-83081,RB,Chase,Chase Edmonds,Edmonds,0,1,4000,WAS@MIN,WAS,MIN,,,,,,RB/FLEX
123820-103564,WR,Garrett,Garrett Wilson,Wilson,11.642857142857142,7,4000,MIA@NYJ,NYJ,MIA,IR,Knee,,,,WR/FLEX
123820-89230,RB,Cam,Cam Akers,Akers,3.5899999141693115,2,4000,SEA@ATL,SEA,ATL,,,,,,RB/FLEX
123820-143509,TE,Caleb,Caleb Lohner,Lohner,,0,4000,DEN@LV,DEN,LV,,,,,,TE/FLEX
123820-63646,TE,Lawrence,Lawrence Cager,Cager,,0,4000,WAS@MIN,WAS,MIN,,,,,,TE/FLEX
123820-62628,WR,DeAndre,DeAndre Carter,Carter,0,4,4000,TEN@CLE,CLE,TEN,IR,Knee,,,,WR/FLEX
123820-151726,TE,Robbie,Robbie Ouzts,Ouzts,0,1,4000,SEA@ATL,SEA,ATL,,,,,,TE/FLEX
123820-201903,WR,Coleman,Coleman Owen,Owen,,0,4000,IND@JAC,IND,JAC,,,,,,WR/FLEX
123820-86203,WR,Justin,Justin Shorter,Shorter,0,1,4000,DEN@LV,LV,DEN,,,,,,WR/FLEX
123820-65724,RB,JaMycal,JaMycal Hasty,Hasty,2.1636362942782315,11,4000,MIA@NYJ,MIA,NYJ,,,,,,RB/FLEX
123820-151740,RB,Corey,Corey Kiner,Kiner,,0,4000,WAS@MIN,MIN,WAS,,,,,,RB/FLEX
123820-70859,TE,Albert,Albert Okwuegbunam Jr.,Okwuegbunam Jr.,6.099999904632568,1,4000,DEN@LV,LV,DEN,,,,,,TE/FLEX
123820-166095,RB,Cody,Cody Schrader,Schrader,0.4666666587193807,3,4000,IND@JAC,JAC,IND,,,,,,RB/FLEX
123820-112850,RB,Michael,Michael Wiley,Wiley,,0,4000,NO@TB,TB,NO,,,,,,RB/FLEX
123820-104661,TE,Patrick,Patrick Herbert,Herbert,,0,4000,IND@JAC,JAC,IND,,,,,,TE/FLEX
123820-25813,WR,Phillip,Phillip Dorsett II,Dorsett II,,0,4000,DEN@LV,LV,DEN,,,,,,WR/FLEX
123820-129240,WR,Tyler,Tyler Scott,Scott,0.2,5,4000,LAR@ARI,LAR,ARI,,,,,,WR/FLEX
123820-95455,WR,D.J.,D.J. Montgomery,Montgomery,,0,4000,IND@JAC,IND,JAC,IR,Undisclosed,,,,WR/FLEX
123820-226525,WR,Chandler,Chandler Brayboy,Brayboy,,0,4000,IND@JAC,JAC,IND,,,,,,WR/FLEX
123820-93408,WR,Rondale,Rondale Moore,Moore,,0,4000,WAS@MIN,MIN,WAS,IR,Knee,,,,WR/FLEX
123820-120035,TE,Mark,Mark Redman,Redman,,0,4000,LAR@ARI,LAR,ARI,,,,,,TE/FLEX
123820-170208,WR,Kaden,Kaden Davis,Davis,0,1,4000,TEN@CLE,CLE,TEN,,,,,,WR/FLEX
123820-88290,WR,Jeshaun,Jeshaun Jones,Jones,,0,4000,WAS@MIN,MIN,WAS,,,,,,WR/FLEX
123820-169185,WR,Jamaal,Jamaal Pritchett,Pritchett,,0,4000,MIA@NYJ,NYJ,MIA,,,,,,WR/FLEX
123820-170214,WR,Dennis,Dennis Houston,Houston,,0,4000,NO@TB,TB,NO,,,,,,WR/FLEX
123820-130276,WR,Mason,Mason Kinsey,Kinsey,0.949999988079071,2,4000,TEN@CLE,TEN,CLE,,,,,,WR/FLEX
123820-110834,WR,Tahj,Tahj Washington,Washington,-0.4000000059604645,1,4000,MIA@NYJ,MIA,NYJ,,,,,,WR/FLEX
123820-151806,RB,Raheim,Raheim Sanders,Sanders,6.300000190734863,1,4000,TEN@CLE,CLE,TEN,,,,,,RB/FLEX
123820-61693,TE,Danny,Danny Pinter,Pinter,0,1,4000,IND@JAC,IND,JAC,,,,,,TE/FLEX
123820-71935,WR,Kendric,Kendric Pryor,Pryor,1.399999976158142,1,4000,CIN@BUF,CIN,BUF,,,,,,WR/FLEX
123820-55552,RB,Jeff,Jeff Wilson Jr.,Wilson Jr.,1.1375000476837158,8,4000,MIA@NYJ,MIA,NYJ,,,,,,RB/FLEX
123820-91401,WR,Ronnie,Ronnie Bell,Bell,0.6400000095367432,5,4000,NO@TB,NO,TB,,,,,,WR/FLEX
123820-12554,D,Jacksonville,Jacksonville Jaguars,Jaguars,8.166666666666666,12,4000,IND@JAC,JAC,IND,,,,,,DEF
123820-94481,WR,Deven,Deven Thompkins,Thompkins,1.899999976158142,2,4000,SEA@ATL,ATL,SEA,,,,,,WR/FLEX
123820-157975,TE,Keleki,Keleki Latu,Latu,0.8999999761581421,1,4000,CIN@BUF,BUF,CIN,,,,,,TE/FLEX
123820-129302,WR,Stephen,Stephen Gosnell,Gosnell,,0,4000,CIN@BUF,BUF,CIN,,,,,,WR/FLEX
123820-91443,TE,McCallan,McCallan Castles,Castles,,0,4000,CHI@GB,GB,CHI,,,,,,TE/FLEX
123820-92479,TE,David,David Martin-Robinson,Martin-Robinson,2.199999968210856,3,4000,TEN@CLE,TEN,CLE,,,,,,TE/FLEX
123820-156997,WR,Tru,Tru Edwards,Edwards,,0,4000,LAR@ARI,LAR,ARI,,,,,,WR/FLEX
123820-87371,RB,Ty,Ty Chandler,Chandler,0,1,4000,WAS@MIN,MIN,WAS,IR,Knee,,,,RB/FLEX
123820-41305,WR,Zay,Zay Jones,Jones,4.049999872843425,6,4000,LAR@ARI,ARI,LAR,IR,Achilles,,,,WR/FLEX
123820-89437,WR,Tim,Tim Jones,Jones,1,2,4000,IND@JAC,JAC,IND,,,,,,WR/FLEX
123820-137567,TE,Jalin,Jalin Conyers,Conyers,,0,4000,MIA@NYJ,MIA,NYJ,IR,Leg,,,,TE/FLEX
123820-153957,TE,Zaire,Zaire Mitchell-Paden,Mitchell-Paden,0.9000000158945719,3,4000,NO@TB,NO,TB,,,,,,TE/FLEX
123820-151914,TE,Moliki,Moliki Matavao,Matavao,,0,4000,NO@TB,NO,TB,,,,,,TE/FLEX
123820-63851,TE,Tyree,Tyree Jackson,Jackson,,0,4000,WAS@MIN,WAS,MIN,IR,Undisclosed,,,,TE/FLEX
123820-133484,WR,Jermaine,Jermaine Burton,Burton,1.587499976158142,8,4000,CIN@BUF,CIN,BUF,Q,Ankle,,,,WR/FLEX
123820-63855,WR,K.J.,K.J. Osborn,Osborn,2.171428544180734,7,4000,SEA@ATL,ATL,SEA,,,,,,WR/FLEX
123820-90480,TE,Joel,Joel Wilson,Wilson,,0,4000,TEN@CLE,TEN,CLE,,,,,,TE/FLEX
123820-90483,TE,Bernhard,Bernhard Raimann,Raimann,0,2,4000,IND@JAC,IND,JAC,,,,,,TE/FLEX
123820-71032,WR,Devin,Devin Duvernay,Duvernay,0.058333332339922585,12,4000,CHI@GB,CHI,GB,,,,,,WR/FLEX
123820-56698,WR,Dante,Dante Pettis,Pettis,0.6333333253860474,3,4000,NO@TB,NO,TB,,,,,,WR/FLEX
123820-185728,TE,Patrick,Patrick Murtagh,Murtagh,,0,4000,DEN@LV,DEN,LV,,,,,,TE/FLEX
123820-70023,WR,Cornell,Cornell Powell,Powell,,0,4000,PIT@BAL,PIT,BAL,,,,,,WR/FLEX
123820-64905,WR,Trenton,Trenton Irwin,Irwin,0.5,6,4000,MIA@NYJ,NYJ,MIA,,,,,,WR/FLEX
123820-138649,WR,LaJohntay,LaJohntay Wester,Wester,-0.25,8,4000,PIT@BAL,BAL,PIT,,,,,,WR/FLEX
123820-92573,TE,Travis,Travis Vokolek,Vokolek,0,1,4000,LAR@ARI,ARI,LAR,IR,Neck,,,,TE/FLEX
123820-112037,WR,Casey,Casey Washington,Washington,2.4799999237060546,5,4000,SEA@ATL,ATL,SEA,,,,,,WR/FLEX
123820-103844,WR,Nick,Nick Nash,Nash,,0,4000,SEA@ATL,ATL,SEA,,,,,,WR/FLEX
123820-60838,WR,Andre,Andre Baccellia,Baccellia,0.5,2,4000,LAR@ARI,ARI,LAR,Q,Arm,,,,WR/FLEX
123820-80299,RB,Patrick,Patrick Ricard,Ricard,0.15000000596046448,2,4000,PIT@BAL,BAL,PIT,,,,,,RB/FLEX
123820-87469,TE,Jelani,Jelani Woods,Woods,,0,4000,MIA@NYJ,NYJ,MIA,,,,,,TE/FLEX
123820-53681,WR,Tyreek,Tyreek Hill,Hill,11.5,4,4000,MIA@NYJ,MIA,NYJ,IR,Knee - acl,,,,WR/FLEX
123820-133558,WR,Luke,Luke Floriea,Floriea,,0,4000,TEN@CLE,CLE,TEN,,,,,,WR/FLEX
123820-91578,RB,Zamir,Zamir White,White,1.9666666984558105,3,4000,DEN@LV,LV,DEN,Q,Illness,,,,RB/FLEX
123820-206276,WR,Jaden,Jaden Smith,Smith,,0,4000,NO@TB,TB,NO,IR,Undisclosed,,,,WR/FLEX
123820-26057,RB,Michael,Michael Burton,Burton,2.209090839732777,11,4000,DEN@LV,DEN,LV,IR,Hamstring,,,,RB/FLEX
123820-152014,WR,JP,JP Richardson,Richardson,,0,4000,CHI@GB,CHI,GB,,,,,,WR/FLEX
123820-173518,WR,Qadir,Qadir Ismail,Ismail,,0,4000,CHI@GB,CHI,GB,,,,,,WR/FLEX
123820-54746,TE,Tyler,Tyler Ott,Ott,0,1,4000,WAS@MIN,WAS,MIN,Q,Illness,,,,TE/FLEX
123820-157150,RB,Audric,Audric Estime,Estime,3.553846212533804,13,4000,NO@TB,NO,TB,,,,,,RB/FLEX
123820-14820,RB,Nick,Nick Bellore,Bellore,0,1,4000,WAS@MIN,WAS,MIN,,,,,,RB/FLEX
123820-133615,WR,Dontae,Dontae Fleming,Fleming,,0,4000,WAS@MIN,MIN,WAS,,,,,,WR/FLEX
123820-193004,WR,Jahdae,Jahdae Walker,Walker,,0,4000,CHI@GB,CHI,GB,,,,,,WR/FLEX
123820-102902,WR,Trey,Trey Palmer,Palmer,2.085714340209961,14,4000,NO@TB,NO,TB,IR,Ankle,,,,WR/FLEX
123820-156152,WR,Tejhaun,Tejhaun Palmer,Palmer,,0,4000,LAR@ARI,ARI,LAR,,,,,,WR/FLEX
123820-113160,WR,Jakobie,Jakobie Keeney-James,Keeney-James,,0,4000,CHI@GB,GB,CHI,,,,,,WR/FLEX
123820-89613,WR,Simi,Simi Fehoko,Fehoko,0,1,4000,LAR@ARI,ARI,LAR,IR,Wrist,,,,WR/FLEX
123820-6672,TE,Marcedes,Marcedes Lewis,Lewis,0.3499999940395355,2,4000,DEN@LV,DEN,LV,,,,,,TE/FLEX
123820-73247,RB,Kene,Kene Nwangwu,Nwangwu,1,6,4000,MIA@NYJ,NYJ,MIA,,,,,,RB/FLEX
123820-103966,TE,Stone,Stone Smartt,Smartt,0,1,4000,MIA@NYJ,NYJ,MIA,,,,,,TE/FLEX
123820-185889,TE,Tanner,Tanner Taula,Taula,,0,4000,NO@TB,TB,NO,,,,,,TE/FLEX
123820-156197,TE,Bryson,Bryson Nesbit,Nesbit,,0,4000,WAS@MIN,MIN,WAS,,,,,,TE/FLEX
123820-160303,TE,Tucker,Tucker Kraft,Kraft,13.399999618530273,8,4000,CHI@GB,GB,CHI,IR,Knee - acl,,,,TE/FLEX
123820-160306,RB,Pierre,Pierre Strong Jr.,Strong Jr.,2.3500000635782876,12,4000,CHI@GB,GB,CHI,,,,,,RB/FLEX
123820-114224,WR,Kyrese,Kyrese Rowan,Rowan,,0,4000,DEN@LV,DEN,LV,,,,,,WR/FLEX
123820-60981,TE,Charlie,Charlie Heck,Heck,,0,4000,NO@TB,TB,NO,,,,,,TE/FLEX
123820-114231,RB,George,George Holani,Holani,1.5333333545260959,9,4000,SEA@ATL,SEA,ATL,IR,Hamstring,,,,RB/FLEX
123820-173626,TE,Nate,Nate Adkins,Adkins,2.7600000381469725,5,4000,DEN@LV,DEN,LV,Q,Knee,,,,TE/FLEX
123820-226878,TE,Carter,Carter Runyon,Runyon,0.4000000059604645,2,4000,DEN@LV,LV,DEN,,,,,,TE/FLEX
123820-87621,WR,A.T.,A.T. Perry,Perry,,0,4000,DEN@LV,DEN,LV,,,,,,WR/FLEX
123820-71241,WR,Brandon,Brandon Johnson,Johnson,1.399999976158142,1,4000,NO@TB,TB,NO,,,,,,WR/FLEX
123820-104008,TE,Stephen,Stephen Carlson,Carlson,,0,4000,CHI@GB,CHI,GB,,,,,,TE/FLEX
123820-104019,TE,Matt,Matt Orzech,Orzech,0,1,4000,CHI@GB,GB,CHI,,,,,,TE/FLEX
123820-87634,TE,Blake,Blake Whiteheart,Whiteheart,0.27999999523162844,5,4000,TEN@CLE,CLE,TEN,,,,,,TE/FLEX
123820-138854,WR,Ke'Shawn,Ke'Shawn Williams,Williams,-0.25,8,4000,PIT@BAL,PIT,BAL,,,,,,WR/FLEX
123820-129641,WR,Will,Will Sheppard,Sheppard,,0,4000,CHI@GB,GB,CHI,,,,,,WR/FLEX
123820-206447,RB,Max,Max Hurleman,Hurleman,,0,4000,PIT@BAL,PIT,BAL,,,,,,RB/FLEX
123820-56947,TE,Chris,Chris Myarick,Myarick,,0,4000,MIA@NYJ,MIA,NYJ,,,,,,TE/FLEX
123820-87668,WR,Shedrick,Shedrick Jackson,Jackson,,0,4000,DEN@LV,LV,DEN,,,,,,WR/FLEX
123820-86646,RB,Trey,Trey Sermon,Sermon,0,1,4000,PIT@BAL,PIT,BAL,,,,,,RB/FLEX
123820-104054,RB,Sincere,Sincere McCormick,McCormick,6.050000190734863,4,4000,LAR@ARI,ARI,LAR,,,,,,RB/FLEX
123820-201342,RB,Chris,Chris Collier,Collier,0.2166666587193807,6,4000,DEN@LV,LV,DEN,,,,,,RB/FLEX
123820-135812,WR,Quentin,Quentin Skinner,Skinner,,0,4000,MIA@NYJ,NYJ,MIA,,,,,,WR/FLEX
123820-87690,TE,Sal,Sal Cannella,Cannella,,0,4000,TEN@CLE,CLE,TEN,,,,,,TE/FLEX
123820-110230,RB,Kenny,Kenny McIntosh,McIntosh,2.322222179836697,9,4000,SEA@ATL,SEA,ATL,IR,Knee - acl,,,,RB/FLEX
123820-136857,RB,Ja'Quinden,Ja'Quinden Jackson,Jackson,,0,4000,IND@JAC,JAC,IND,,,,,,RB/FLEX
123820-137889,WR,Brennan,Brennan Presley,Presley,,0,4000,LAR@ARI,LAR,ARI,,,,,,WR/FLEX
123820-167588,WR,Jacoby,Jacoby Jones,Jones,3,1,4000,WAS@MIN,WAS,MIN,,,,,,WR/FLEX
123820-128681,TE,Caden,Caden Prieskorn,Prieskorn,,0,4000,TEN@CLE,CLE,TEN,,,,,,TE/FLEX
123820-94888,TE,Messiah,Messiah Swinson,Swinson,,0,4000,LAR@ARI,ARI,LAR,,,,,,TE/FLEX
123820-103083,WR,Theo,Theo Wease Jr.,Wease Jr.,,0,4000,MIA@NYJ,MIA,NYJ,,,,,,WR/FLEX
123820-152232,WR,Jordan,Jordan Moore,Moore,,0,4000,CIN@BUF,CIN,BUF,,,,,,WR/FLEX
123820-88752,WR,Charlie,Charlie Jones,Jones,0.5454545454545454,11,4000,CIN@BUF,CIN,BUF,,,,,,WR/FLEX
123820-87731,WR,Dominique,Dominique Robinson,Robinson,0,7,4000,CHI@GB,CHI,GB,Q,Concussion,,,,WR/FLEX
123820-104117,TE,Joshua,Joshua Simon,Simon,,0,4000,SEA@ATL,ATL,SEA,,,,,,TE/FLEX
123820-69302,TE,Feleipe,Feleipe Franks,Franks,0.10000000149011612,4,4000,SEA@ATL,ATL,SEA,Q,Calf,,,,TE/FLEX
123820-61112,TE,Josiah,Josiah Deguara,Deguara,1.100000023841858,1,4000,LAR@ARI,ARI,LAR,,,,,,TE/FLEX
123820-71352,WR,Mecole,Mecole Hardman Jr.,Hardman Jr.,-2,1,4000,CIN@BUF,BUF,CIN,IR,Calf,,,,WR/FLEX
123820-110274,WR,Bub,Bub Means,Means,5.574999809265137,4,4000,NO@TB,NO,TB,IR,Lower leg,,,,WR/FLEX
123820-40647,WR,Marquez,Marquez Valdes-Scantling,Valdes-Scantling,1.5,4,4000,PIT@BAL,PIT,BAL,,,,,,WR/FLEX
123820-193226,TE,Mason,Mason Pline,Pline,,0,4000,NO@TB,NO,TB,IR,Upper body,,,,TE/FLEX
123820-158412,RB,Braelon,Braelon Allen,Allen,3.575000047683716,4,4000,MIA@NYJ,NYJ,MIA,IR,Knee - mcl,,,,RB/FLEX
123820-92882,TE,Connor,Connor Heyward,Heyward,1.212499976158142,8,4000,PIT@BAL,PIT,BAL,,,,,,TE/FLEX
123820-111325,RB,Ulysses,Ulysses Bentley IV,Bentley IV,0,1,4000,IND@JAC,IND,JAC,,,,,,RB/FLEX
123820-72412,RB,Khalil,Khalil Herbert,Herbert,0,1,4000,MIA@NYJ,NYJ,MIA,,,,,,RB/FLEX
123820-147168,WR,Chris,Chris Blair,Blair,1.100000023841858,2,4000,SEA@ATL,ATL,SEA,,,,,,WR/FLEX
123820-29411,TE,Pharaoh,Pharaoh Brown,Brown,0,1,4000,LAR@ARI,ARI,LAR,,,,,,TE/FLEX
123820-104165,RB,Lew,Lew Nichols,Nichols,0,1,4000,PIT@BAL,PIT,BAL,,,,,,RB/FLEX
123820-87787,RB,J.K.,J.K. Dobbins,Dobbins,11.640000152587891,10,4000,DEN@LV,DEN,LV,IR,Foot,,,,RB/FLEX
123820-137966,WR,A.J.,A.J. Henning,Henning,,0,4000,MIA@NYJ,MIA,NYJ,,,,,,WR/FLEX
123820-135916,WR,Brenden,Brenden Rice,Rice,,0,4000,SEA@ATL,SEA,ATL,,,,,,WR/FLEX
123820-40687,RB,James,James Conner,Conner,9.766666412353516,3,4000,LAR@ARI,ARI,LAR,IR,Foot,,,,RB/FLEX
123820-56059,WR,Trent,Trent Sherfield Sr.,Sherfield Sr.,1.1999999682108562,3,4000,LAR@ARI,ARI,LAR,,,,,,WR/FLEX
123820-86778,TE,Devin,Devin Culp,Culp,0,1,4000,NO@TB,TB,NO,,,,,,TE/FLEX
123820-128765,RB,Nathan,Nathan Carter,Carter,2,2,4000,SEA@ATL,ATL,SEA,,,,,,RB/FLEX
123820-86780,RB,Salvon,Salvon Ahmed,Ahmed,,0,4000,IND@JAC,IND,JAC,IR,Ankle,,,,RB/FLEX
123820-47870,TE,Tyler,Tyler Higbee,Higbee,5.125,8,4000,LAR@ARI,LAR,ARI,IR,Ankle,,,,TE/FLEX
123820-137990,TE,Tip,Tip Reiman,Reiman,1.099999984105428,3,4000,LAR@ARI,ARI,LAR,IR,Ankle,,,,TE/FLEX
123820-103187,RB,Roschon,Roschon Johnson,Johnson,0.5666666825612386,3,4000,CHI@GB,CHI,GB,IR,Thumb,,,,RB/FLEX
123820-71444,RB,Travis,Travis Homer,Homer,-0.10000000149011612,2,4000,CHI@GB,CHI,GB,,,,,,RB/FLEX
123820-70426,RB,Reggie,Reggie Gilliam,Gilliam,0.3499999940395355,2,4000,CIN@BUF,BUF,CIN,,,,,,RB/FLEX
123820-87844,TE,Brady,Brady Russell,Russell,0,3,4000,SEA@ATL,SEA,ATL,,,,,,TE/FLEX
123820-138028,RB,Kalel,Kalel Mullings,Mullings,,0,4000,TEN@CLE,TEN,CLE,,,,,,RB/FLEX
123820-103214,WR,Eli,Eli Pancol,Pancol,,0,4000,IND@JAC,IND,JAC,,,,,,WR/FLEX
123820-201526,RB,Ian,Ian Wheeler,Wheeler,,0,4000,NO@TB,NO,TB,,,,,,RB/FLEX
123820-137017,TE,Drake,Drake Dabney,Dabney,,0,4000,CHI@GB,GB,CHI,,,,,,TE/FLEX
123820-91971,RB,Ronnie,Ronnie Rivers,Rivers,0,1,4000,LAR@ARI,LAR,ARI,,,,,,RB/FLEX
123820-69451,TE,Jack,Jack Stoll,Stoll,2.3,5,4000,NO@TB,NO,TB,,,,,,TE/FLEX
123820-58189,TE,Mitchell,Mitchell Fraboni,Fraboni,0,1,4000,DEN@LV,DEN,LV,,,,,,TE/FLEX
123820-41806,WR,Laquon,Laquon Treadwell,Treadwell,0,3,4000,IND@JAC,IND,JAC,,,,,,WR/FLEX
123820-158540,WR,Hal,Hal Presley III,Presley III,,0,4000,TEN@CLE,TEN,CLE,,,,,,WR/FLEX
123820-120657,RB,Kendre,Kendre Miller,Miller,4.399999891008649,7,4000,NO@TB,NO,TB,IR,Knee - acl,,,,RB/FLEX
123820-91989,RB,Jordan,Jordan Mims,Mims,2.8714286259242465,7,4000,TEN@CLE,TEN,CLE,,,,,,RB/FLEX
123820-104278,TE,Donald,Donald Parham Jr.,Parham Jr.,,0,4000,PIT@BAL,PIT,BAL,IR,Achilles,,,,TE/FLEX
123820-61273,WR,Scotty,Scotty Miller,Miller,0.699999988079071,2,4000,PIT@BAL,PIT,BAL,,,,,,WR/FLEX
123820-93023,RB,Jermar,Jermar Jefferson,Jefferson,1.850000023841858,2,4000,LAR@ARI,ARI,LAR,,,,,,RB/FLEX
123820-201564,TE,Cam,Cam Grandy,Grandy,1.100000023841858,1,4000,CIN@BUF,CIN,BUF,,,,,,TE/FLEX
123820-66402,TE,Jack,Jack Driscoll,Driscoll,0,1,4000,PIT@BAL,PIT,BAL,,,,,,TE/FLEX
123820-93026,TE,Teagan,Teagan Quitoriano,Quitoriano,0,2,4000,SEA@ATL,ATL,SEA,,,,,,TE/FLEX
123820-70501,RB,C.J.,C.J. Ham,Ham,0.3333333333333333,3,4000,WAS@MIN,MIN,WAS,,,,,,RB/FLEX
123820-114532,RB,Deion,Deion Hankins,Hankins,,0,4000,CHI@GB,CHI,GB,IR,Quadriceps,,,,RB/FLEX
123820-169834,WR,Dareke,Dareke Young,Young,1.1600000381469726,5,4000,SEA@ATL,SEA,ATL,IR,Quadriceps,,,,WR/FLEX
123820-53097,WR,Josh,Josh Reynolds,Reynolds,3.5200000762939454,5,4000,MIA@NYJ,NYJ,MIA,IR,Hip,,,,WR/FLEX
123820-120684,WR,Garrett,Garrett Greene,Greene,,0,4000,NO@TB,TB,NO,,,,,,WR/FLEX
123820-120694,WR,Ja'Lynn,Ja'Lynn Polk,Polk,2.053846212533804,13,4000,NO@TB,NO,TB,IR,Shoulder,,,,WR/FLEX
123820-119672,RB,Kendall,Kendall Milton,Milton,0.20000000298023224,1,4000,CIN@BUF,CIN,BUF,,,,,,RB/FLEX
123820-184184,WR,Travis,Travis Hunter,Hunter,7.5428570338657925,7,4000,IND@JAC,JAC,IND,IR,Knee,,,,WR/FLEX
123820-114557,WR,Cornelius,Cornelius Johnson,Johnson,,0,4000,PIT@BAL,BAL,PIT,,,,,,WR/FLEX
123820-103302,WR,Courtney,Courtney Jackson,Jackson,,0,4000,SEA@ATL,SEA,ATL,,,,,,WR/FLEX
123820-23435,TE,Andrew,Andrew DePaola,DePaola,,0,4000,WAS@MIN,MIN,WAS,,,,,,TE/FLEX
123820-89997,WR,Michael,Michael Woods II,Woods II,2,5,4000,CHI@GB,GB,CHI,,,,,,WR/FLEX
123820-28570,TE,Nick,Nick Vannett,Vannett,3.3333333333333335,12,4000,LAR@ARI,LAR,ARI,,,,,,TE/FLEX
123820-114591,TE,William,William Wagner,Wagner,,0,4000,CIN@BUF,CIN,BUF,,,,,,TE/FLEX
123820-94116,TE,Will,Will Mallory,Mallory,0.612500011920929,8,4000,IND@JAC,IND,JAC,,,,,,TE/FLEX
123820-45997,WR,Keith,Keith Kirkwood,Kirkwood,,0,4000,PIT@BAL,BAL,PIT,,,,,,WR/FLEX
123820-91055,WR,Kevin,Kevin Austin Jr.,Austin Jr.,0,1,4000,NO@TB,NO,TB,,,,,,WR/FLEX
123820-137139,WR,Myles,Myles Price,Price,-0.5,12,4000,WAS@MIN,MIN,WAS,,,,,,WR/FLEX
123820-119730,WR,Jimmy,Jimmy Holiday,Holiday,,0,4000,SEA@ATL,SEA,ATL,,,,,,WR/FLEX
123820-156596,RB,Jarquez,Jarquez Hunter,Hunter,,0,4000,LAR@ARI,LAR,ARI,,,,,,RB/FLEX
123820-69581,WR,Cedrick,Cedrick Wilson Jr.,Wilson Jr.,1.3333333333333333,3,4000,MIA@NYJ,MIA,NYJ,,,,,,WR/FLEX
123820-169937,WR,Lance,Lance McCutcheon,McCutcheon,,0,4000,TEN@CLE,TEN,CLE,,,,,,WR/FLEX
123820-152537,WR,Tai,Tai Felton,Felton,0.23333332935969034,6,4000,WAS@MIN,MIN,WAS,,,,,,WR/FLEX
123820-54239,TE,Matt,Matt Sokol,Sokol,,0,4000,PIT@BAL,PIT,BAL,,,,,,TE/FLEX
123820-93150,WR,Jake,Jake Bobo,Bobo,1,3,4000,SEA@ATL,SEA,ATL,,,,,,WR/FLEX
123820-71662,WR,DJ,DJ Turner,Turner,3.258333206176758,12,4000,DEN@LV,LV,DEN,,,,,,WR/FLEX
123820-138221,WR,Ricky,Ricky White III,White III,,0,4000,SEA@ATL,SEA,ATL,,,,,,WR/FLEX
123820-152574,RB,Donovan,Donovan Edwards,Edwards,,0,4000,WAS@MIN,WAS,MIN,,,,,,RB/FLEX
123820-96254,TE,Nick,Nick Muse,Muse,0,2,4000,LAR@ARI,LAR,ARI,,,,,,TE/FLEX
123820-12527,D,Chicago,Chicago Bears,Bears,6.583333333333333,12,3900,CHI@GB,CHI,GB,,,,,,DEF
123820-12539,D,Miami,Miami Dolphins,Dolphins,5.833333333333333,12,3800,MIA@NYJ,MIA,NYJ,,,,,,DEF
123820-12544,D,New York,New York Jets,Jets,3.8333333333333335,12,3700,MIA@NYJ,NYJ,MIA,,,,,,DEF
123820-12547,D,Pittsburgh,Pittsburgh Steelers,Steelers,8.333333333333334,12,3600,PIT@BAL,PIT,BAL,,,,,,DEF
123820-12525,D,Atlanta,Atlanta Falcons,Falcons,7,12,3500,SEA@ATL,ATL,SEA,,,,,,DEF
123820-12534,D,Tennessee,Tennessee Titans,Titans,5.75,12,3400,TEN@CLE,TEN,CLE,,,,,,DEF
123820-12540,D,Minnesota,Minnesota Vikings,Vikings,6.083333333333333,12,3300,WAS@MIN,MIN,WAS,,,,,,DEF
123820-12546,D,Arizona,Arizona Cardinals,Cardinals,6.583333333333333,12,3200,LAR@ARI,ARI,LAR,,,,,,DEF
123820-12537,D,Las Vegas,Las Vegas Raiders,Raiders,4.333333333333333,12,3100,DEN@LV,LV,DEN,,,,,,DEF
123820-12528,D,Cincinnati,Cincinnati Bengals,Bengals,3.9166666666666665,12,3000,CIN@BUF,CIN,BUF,,,,,,DEF
123820-12542,D,New Orleans,New Orleans Saints,Saints,6.166666666666667,12,3000,NO@TB,NO,TB,,,,,,DEF