Id,Position,First Name,Nickname,Last Name,FPPG,Played,Salary,Game,Team,Opponent,Injury Indicator,Injury Details,Tier,,,Roster Position
124417-138820,RB,De'Von,De'Von Achane,Achane,19.435714721679688,14,9800,CIN@MIA,MIA,CIN,,,,,,RB/FLEX
124417-136855,RB,Bijan,Bijan Robinson,Robinson,19.985713413783483,14,9600,ATL@ARI,ATL,ARI,,,,,,RB/FLEX
124417-129368,RB,Jahmyr,Jahmyr Gibbs,Gibbs,21.314285278320312,14,9500,PIT@DET,DET,PIT,,,,,,RB/FLEX
124417-85701,WR,Ja'Marr,Ja'Marr Chase,Chase,16.353846623347355,13,9500,CIN@MIA,CIN,MIA,,,,,,WR/FLEX
124417-86997,WR,Amon-Ra,Amon-Ra St. Brown,St. Brown,17.135713849748885,14,9200,PIT@DET,DET,PIT,,,,,,WR/FLEX
124417-86631,WR,CeeDee,CeeDee Lamb,Lamb,16.530000305175783,10,9000,LAC@DAL,DAL,LAC,,,,,,WR/FLEX
124417-62239,QB,Josh,Josh Allen,Allen,25.252857753208705,14,9000,BUF@CLE,BUF,CLE,,,,,,QB
124417-91626,RB,James,James Cook III,Cook III,19.57857186453683,14,8800,BUF@CLE,BUF,CLE,,,,,,RB/FLEX
124417-110246,WR,George,George Pickens,Pickens,15.978571210588727,14,8800,LAC@DAL,DAL,LAC,,,,,,WR/FLEX
124417-91419,WR,Nico,Nico Collins,Collins,14.200000469501202,13,8500,LV@HOU,HOU,LV,,,,,,WR/FLEX
124417-85671,WR,Justin,Justin Jefferson,Jefferson,9.614286150251116,14,8400,MIN@NYG,MIN,NYG,,,,,,WR/FLEX
124417-31716,QB,Dak,Dak Prescott,Prescott,21.159999302455358,14,8400,LAC@DAL,DAL,LAC,,,,,,QB
124417-63336,QB,Joe,Joe Burrow,Burrow,13.591999816894532,5,8300,CIN@MIA,CIN,MIA,,,,,,QB
124417-152664,RB,Bucky,Bucky Irving,Irving,14.757143293108259,7,8200,TB@CAR,TB,CAR,,,,,,RB/FLEX
124417-91750,TE,Trey,Trey McBride,McBride,16.32857186453683,14,8200,ATL@ARI,ARI,ATL,,,,,,TE/FLEX
124417-32384,WR,Mike,Mike Evans,Evans,9.240000152587891,5,8200,TB@CAR,TB,CAR,,,,,,WR/FLEX
124417-38435,QB,Jared,Jared Goff,Goff,19.305714198521205,14,8100,PIT@DET,DET,PIT,,,,,,QB
124417-69189,QB,Justin,Justin Herbert,Herbert,18.752857753208705,14,8000,LAC@DAL,LAC,DAL,,,,,,QB
124417-111311,WR,Rashee,Rashee Rice,Rice,15.824999809265137,8,8000,KC@TEN,KC,TEN,,,,,,WR/FLEX
124417-112745,WR,Drake,Drake London,London,18,9,7900,ATL@ARI,ATL,ARI,Q,Knee - pcl,,,,WR/FLEX
124417-93541,RB,Javonte,Javonte Williams,Williams,15.32857186453683,14,7900,LAC@DAL,DAL,LAC,,,,,,RB/FLEX
124417-41535,QB,Baker,Baker Mayfield,Mayfield,17.03999982561384,14,7700,TB@CAR,TB,CAR,,,,,,QB
124417-87770,WR,Chris,Chris Olave,Olave,12.021428789411273,14,7700,NYJ@NO,NO,NYJ,,,,,,WR/FLEX
124417-102965,QB,Bo,Bo Nix,Nix,19.831429617745535,14,7600,JAC@DEN,DEN,JAC,,,,,,QB
124417-72297,RB,Rico,Rico Dowdle,Dowdle,13.549999782017299,14,7600,TB@CAR,CAR,TB,,,,,,RB/FLEX
124417-169410,RB,Quinshon,Quinshon Judkins,Judkins,11.707692072941708,13,7500,BUF@CLE,CLE,BUF,,,,,,RB/FLEX
124417-30231,QB,Jacoby,Jacoby Brissett,Brissett,18.42909102006392,11,7500,ATL@ARI,ARI,ATL,,,,,,QB
124417-89981,WR,Tee,Tee Higgins,Higgins,12.391666412353516,12,7500,CIN@MIA,CIN,MIA,Q,Concussion,,,,WR/FLEX
124417-73048,WR,DK,DK Metcalf,Metcalf,11.25,14,7400,PIT@DET,PIT,DET,,,,,,WR/FLEX
124417-151966,QB,Jaxson,Jaxson Dart,Dart,18.189091075550426,11,7400,MIN@NYG,NYG,MIN,,,,,,QB
124417-89956,RB,Travis,Travis Etienne Jr.,Etienne Jr.,15.200000217982701,14,7400,JAC@DEN,JAC,DEN,,,,,,RB/FLEX
124417-103064,RB,Breece,Breece Hall,Hall,12.247143336704799,14,7300,NYJ@NO,NYJ,NO,,,,,,RB/FLEX
124417-151794,TE,Brock,Brock Bowers,Bowers,12.581817626953125,11,7200,LV@HOU,LV,HOU,,,,,,TE/FLEX
124417-89493,RB,Chase,Chase Brown,Brown,12.757143293108259,14,7200,CIN@MIA,CIN,MIA,,,,,,RB/FLEX
124417-129471,QB,C.J.,C.J. Stroud,Stroud,15.91272666237571,11,7200,LV@HOU,HOU,LV,,,,,,QB
124417-89612,WR,Michael,Michael Wilson,Wilson,10.185714721679688,14,7200,ATL@ARI,ARI,ATL,,,,,,WR/FLEX
124417-90573,WR,Jaylen,Jaylen Waddle,Waddle,11.051428658621651,14,7100,CIN@MIA,MIA,CIN,,,,,,WR/FLEX
124417-138774,RB,Woody,Woody Marks,Marks,8.950000217982701,14,7100,LV@HOU,HOU,LV,Q,Ankle,,,,RB/FLEX
124417-89951,QB,Trevor,Trevor Lawrence,Lawrence,19.614286150251115,14,7100,JAC@DEN,JAC,DEN,,,,,,QB
124417-133472,WR,Ladd,Ladd McConkey,McConkey,9.857142857142858,14,7000,LAC@DAL,LAC,DAL,,,,,,WR/FLEX
124417-90572,QB,Tua,Tua Tagovailoa,Tagovailoa,12.764285496303014,14,7000,CIN@MIA,MIA,CIN,,,,,,QB
124417-110484,RB,RJ,RJ Harvey,Harvey,10.221429007393974,14,7000,JAC@DEN,DEN,JAC,Q,Ribs,,,,RB/FLEX
124417-112057,RB,Jaylen,Jaylen Warren,Warren,11.784615149864784,13,6900,PIT@DET,PIT,DET,,,,,,RB/FLEX
124417-6894,QB,Aaron,Aaron Rodgers,Rodgers,14.843077439528246,13,6900,PIT@DET,PIT,DET,,,,,,QB
124417-174215,RB,Omarion,Omarion Hampton,Hampton,12.957142421177455,7,6800,LAC@DAL,LAC,DAL,,,,,,RB/FLEX
124417-88431,QB,Tyler,Tyler Shough,Shough,12.770000457763672,8,6800,NYJ@NO,NO,NYJ,,,,,,QB
124417-167620,WR,Tetairoa,Tetairoa McMillan,McMillan,11.185714721679688,14,6800,TB@CAR,CAR,TB,,,,,,WR/FLEX
124417-111631,WR,Jameson,Jameson Williams,Williams,12.485714503696986,14,6700,PIT@DET,DET,PIT,,,,,,WR/FLEX
124417-40442,RB,Aaron,Aaron Jones Sr.,Jones Sr.,8.05999984741211,10,6700,MIN@NYG,MIN,NYG,,,,,,RB/FLEX
124417-22038,QB,Kirk,Kirk Cousins,Cousins,10.517143249511719,7,6700,ATL@ARI,ATL,ARI,,,,,,QB
124417-14377,QB,Tyrod,Tyrod Taylor,Taylor,10.743333180745443,6,6600,NYJ@NO,NYJ,NO,Q,Groin,,,,QB
124417-57403,WR,Courtland,Courtland Sutton,Sutton,11.721429007393974,14,6600,JAC@DEN,DEN,JAC,,,,,,WR/FLEX
124417-167031,RB,Ashton,Ashton Jeanty,Jeanty,12.150000435965401,14,6600,LV@HOU,LV,HOU,,,,,,RB/FLEX
124417-119606,QB,Bryce,Bryce Young,Young,14.615384615384615,13,6600,TB@CAR,CAR,TB,,,,,,QB
124417-119641,QB,Brady,Brady Cook,Cook,8.229999542236328,2,6600,NYJ@NO,NYJ,NO,,,,,,QB
124417-152655,WR,Emeka,Emeka Egbuka,Egbuka,11.707142421177455,14,6500,TB@CAR,TB,CAR,,,,,,WR/FLEX
124417-154971,RB,Devin,Devin Neal,Neal,5.722222222222222,9,6500,NYJ@NO,NO,NYJ,Q,Hamstring,,,,RB/FLEX
124417-61798,QB,Gardner,Gardner Minshew II,Minshew II,-0.24000000953674316,3,6500,KC@TEN,KC,TEN,,,,,,QB
124417-152575,QB,J.J.,J.J. McCarthy,McCarthy,15.010000228881836,8,6500,MIN@NYG,MIN,NYG,,,,,,QB
124417-152651,WR,Marvin,Marvin Harrison Jr.,Harrison Jr.,10.54000015258789,10,6400,ATL@ARI,ARI,ATL,Q,Heel,,,,WR/FLEX
124417-168356,QB,Cam,Cam Ward,Ward,10.672857012067523,14,6400,KC@TEN,TEN,KC,,,,,,QB
124417-128633,RB,Kimani,Kimani Vidal,Vidal,10.5727275501598,11,6400,LAC@DAL,LAC,DAL,,,,,,RB/FLEX
124417-26483,QB,Geno,Geno Smith,Smith,13.055384709284855,13,6400,LV@HOU,LV,HOU,Q,Shoulder,,,,QB
124417-92020,QB,Kenny,Kenny Pickett,Pickett,2.265000104904175,4,6400,LV@HOU,LV,HOU,,,,,,QB
124417-184183,QB,Shedeur,Shedeur Sanders,Sanders,13.647999572753907,5,6400,BUF@CLE,CLE,BUF,,,,,,QB
124417-86047,RB,Malik,Malik Davis,Davis,3.857142857142857,7,6300,LAC@DAL,DAL,LAC,,,,,,RB/FLEX
124417-86153,RB,Tyrone,Tyrone Tracy Jr.,Tracy Jr.,8.658333460489908,12,6300,MIN@NYG,NYG,MIN,,,,,,RB/FLEX
124417-63634,WR,Jakobi,Jakobi Meyers,Meyers,9.223077040452223,13,6300,JAC@DEN,JAC,DEN,,,,,,WR/FLEX
124417-160938,QB,Quinn,Quinn Ewers,Ewers,2.119999885559082,1,6300,CIN@MIA,MIA,CIN,,,,,,QB
124417-91390,QB,Joe,Joe Milton III,Milton III,3.4800000190734863,2,6300,LAC@DAL,DAL,LAC,,,,,,QB
124417-90406,QB,Zach,Zach Wilson,Wilson,0.4599999984105428,3,6300,CIN@MIA,MIA,CIN,,,,,,QB
124417-33076,TE,Travis,Travis Kelce,Kelce,10.37857164655413,14,6300,KC@TEN,KC,TEN,,,,,,TE/FLEX
124417-53729,QB,Mason,Mason Rudolph,Rudolph,3.4,5,6300,PIT@DET,PIT,DET,,,,,,QB
124417-200653,QB,Max,Max Brosmer,Brosmer,0.6299999952316284,4,6300,MIN@NYG,MIN,NYG,,,,,,QB
124417-151745,WR,Brian,Brian Thomas Jr.,Thomas Jr.,9.063636086203836,11,6200,JAC@DEN,JAC,DEN,,,,,,WR/FLEX
124417-93382,QB,Aidan,Aidan O'Connell,O'Connell,11.164444817437065,9,6200,LV@HOU,LV,HOU,,,,,,QB
124417-24849,QB,Jameis,Jameis Winston,Winston,15.926666259765625,3,6200,MIN@NYG,NYG,MIN,,,,,,QB
124417-103698,QB,Dillon,Dillon Gabriel,Gabriel,8.008889092339409,9,6200,BUF@CLE,CLE,BUF,,,,,,QB
124417-92575,RB,Isiah,Isiah Pacheco,Pacheco,5.827272588556463,11,6200,KC@TEN,KC,TEN,,,,,,RB/FLEX
124417-91591,QB,Justin,Justin Fields,Fields,15.962222629123264,9,6200,NYJ@NO,NYJ,NO,Q,Knee,,,,QB
124417-93539,RB,Michael,Michael Carter,Carter,6.530000305175781,10,6100,ATL@ARI,ARI,ATL,,,,,,RB/FLEX
124417-29253,WR,Keenan,Keenan Allen,Allen,9.214285714285714,14,6100,LAC@DAL,LAC,DAL,,,,,,WR/FLEX
124417-89680,TE,Jake,Jake Ferguson,Ferguson,9.685714721679688,14,6100,LAC@DAL,DAL,LAC,,,,,,TE/FLEX
124417-86081,QB,Emory,Emory Jones,Jones,,0,6000,ATL@ARI,ATL,ARI,IR,Concussion,,,,QB
124417-86080,TE,Kyle,Kyle Pitts Sr.,Pitts Sr.,10.228571210588727,14,6000,ATL@ARI,ATL,ARI,,,,,,TE/FLEX
124417-57439,QB,Patrick,Patrick Mahomes,Mahomes,21.584285191127233,14,6000,KC@TEN,KC,TEN,O,Knee - acl,,,,QB
124417-103539,WR,Wan'Dale,Wan'Dale Robinson,Robinson,11.242856706891741,14,6000,MIN@NYG,NYG,MIN,,,,,,WR/FLEX
124417-52342,QB,Will,Will Grier,Grier,,0,6000,LAC@DAL,DAL,LAC,,,,,,QB
124417-103591,QB,Graham,Graham Mertz,Mertz,,0,6000,LV@HOU,HOU,LV,,,,,,QB
124417-86200,QB,Sean,Sean Clifford,Clifford,,0,6000,CIN@MIA,CIN,MIA,,,,,,QB
124417-149696,QB,Trey,Trey Lance,Lance,1.7333332697550456,3,6000,LAC@DAL,LAC,DAL,,,,,,QB
124417-69833,QB,Shane,Shane Buechele,Buechele,,0,6000,BUF@CLE,BUF,CLE,,,,,,QB
124417-86243,QB,Will,Will Levis,Levis,10.995000203450521,12,6000,KC@TEN,TEN,KC,IR,Shoulder,,,,QB
124417-120105,QB,Will,Will Howard,Howard,,0,6000,PIT@DET,PIT,DET,,,,,,QB
124417-27986,QB,C.J.,C.J. Beathard,Beathard,,0,6000,PIT@DET,DET,PIT,,,,,,QB
124417-151903,WR,Troy,Troy Franklin,Franklin,9.450000217982701,14,6000,JAC@DEN,DEN,JAC,,,,,,WR/FLEX
124417-92560,QB,Sam,Sam Ehlinger,Ehlinger,0,1,6000,JAC@DEN,DEN,JAC,,,,,,QB
124417-103824,QB,Easton,Easton Stick,Stick,,0,6000,ATL@ARI,ATL,ARI,,,,,,QB
124417-60840,QB,Jake,Jake Browning,Browning,11.34800033569336,5,6000,CIN@MIA,CIN,MIA,,,,,,QB
124417-110000,QB,Connor,Connor Bazelak,Bazelak,,0,6000,TB@CAR,TB,CAR,,,,,,QB
124417-31170,QB,Brandon,Brandon Allen,Allen,2.7866665522257485,3,6000,KC@TEN,TEN,KC,,,,,,QB
124417-33259,QB,Teddy,Teddy Bridgewater,Bridgewater,0.9600000381469727,3,6000,TB@CAR,TB,CAR,,,,,,QB
124417-22015,QB,Russell,Russell Wilson,Wilson,9.306666692097982,6,6000,MIN@NYG,NYG,MIN,,,,,,QB
124417-60947,QB,Jarrett,Jarrett Stidham,Stidham,-0.10000000149011612,1,6000,JAC@DEN,DEN,JAC,,,,,,QB
124417-102933,QB,Kedon,Kedon Slovis,Slovis,-0.03999999910593033,2,6000,ATL@ARI,ARI,ATL,,,,,,QB
124417-89628,QB,Davis,Davis Mills,Mills,13.391999816894531,5,6000,LV@HOU,HOU,LV,,,,,,QB
124417-30253,QB,Jeff,Jeff Driskel,Driskel,0,1,6000,ATL@ARI,ARI,ATL,,,,,,QB
124417-6714,QB,Joe,Joe Flacco,Flacco,16.113999938964845,10,6000,CIN@MIA,CIN,MIA,,,,,,QB
124417-112191,QB,John Rhys,John Rhys Plumlee,Plumlee,,0,6000,PIT@DET,PIT,DET,,,,,,QB
124417-208467,QB,Cam,Cam Miller,Miller,,0,6000,LV@HOU,LV,HOU,,,,,,QB
124417-40534,QB,Mike,Mike White,White,1.1200000047683716,1,6000,TB@CAR,CAR,TB,,,,,,QB
124417-41562,QB,Nick,Nick Mullens,Mullens,-0.1599999964237213,3,6000,JAC@DEN,JAC,DEN,,,,,,QB
124417-69294,QB,Skylar,Skylar Thompson,Thompson,2.626666704813639,3,6000,PIT@DET,PIT,DET,IR,Hamstring,,,,QB
124417-70324,QB,Carson,Carson Wentz,Wentz,16.267999267578126,5,6000,MIN@NYG,MIN,NYG,IR,Shoulder,,,,QB
124417-73398,QB,Chris,Chris Oladokun,Oladokun,0.25,2,6000,KC@TEN,KC,TEN,,,,,,QB
124417-69304,QB,Kyle,Kyle Trask,Trask,-0.05000000074505806,4,6000,ATL@ARI,ATL,ARI,,,,,,QB
124417-139985,QB,Bailey,Bailey Zappe,Zappe,4.5,2,6000,BUF@CLE,CLE,BUF,,,,,,QB
124417-88797,QB,Michael,Michael Penix Jr.,Penix Jr.,14.03111097547743,9,6000,ATL@ARI,ATL,ARI,IR,Knee - acl,,,,QB
124417-38628,QB,Mitchell,Mitchell Trubisky,Trubisky,0.753333330154419,3,6000,BUF@CLE,BUF,CLE,,,,,,QB
124417-86793,QB,Jake,Jake Haener,Haener,1.7799999713897705,8,6000,NYJ@NO,NO,NYJ,,,,,,QB
124417-28434,QB,Trevor,Trevor Siemian,Siemian,,0,6000,KC@TEN,TEN,KC,,,,,,QB
124417-92975,QB,Malik,Malik Cunningham,Cunningham,0.10000000149011612,1,6000,PIT@DET,DET,PIT,,,,,,QB
124417-86875,RB,Jordan,Jordan Mason,Mason,8.135714394705635,14,6000,MIN@NYG,MIN,NYG,,,,,,RB/FLEX
124417-90981,QB,Adrian,Adrian Martinez,Martinez,-0.10000000149011612,1,6000,NYJ@NO,NYJ,NO,,,,,,QB
124417-53095,QB,Kyle,Kyle Allen,Allen,-0.15000000596046448,2,6000,PIT@DET,DET,PIT,,,,,,QB
124417-88937,QB,Carter,Carter Bradley,Bradley,,0,6000,JAC@DEN,JAC,DEN,,,,,,QB
124417-56192,QB,John,John Wolford,Wolford,,0,6000,MIN@NYG,MIN,NYG,,,,,,QB
124417-14225,QB,Andy,Andy Dalton,Dalton,2.630000114440918,4,6000,TB@CAR,CAR,TB,,,,,,QB
124417-111557,QB,Spencer,Spencer Rattler,Rattler,11.515555487738716,9,6000,NYJ@NO,NO,NYJ,,,,,,QB
124417-129010,QB,DJ,DJ Uiagalelei,Uiagalelei,,0,6000,LAC@DAL,LAC,DAL,,,,,,QB
124417-63484,QB,Kyler,Kyler Murray,Murray,16.155999755859376,5,6000,ATL@ARI,ARI,ATL,IR,Foot,,,,QB
124417-129210,WR,Jordan,Jordan Addison,Addison,9.336363358931107,11,5900,MIN@NYG,MIN,NYG,,,,,,WR/FLEX
124417-63759,RB,Tony,Tony Pollard,Pollard,10.471429007393974,14,5900,KC@TEN,TEN,KC,,,,,,RB/FLEX
124417-86518,WR,Khalil,Khalil Shakir,Shakir,8.678571428571429,14,5900,BUF@CLE,BUF,CLE,,,,,,WR/FLEX
124417-73273,RB,David,David Montgomery,Montgomery,10.394286019461495,14,5900,PIT@DET,DET,PIT,,,,,,RB/FLEX
124417-172699,TE,Harold,Harold Fannin Jr.,Fannin Jr.,8.992857251848493,14,5900,BUF@CLE,CLE,BUF,,,,,,TE/FLEX
124417-201547,WR,Jalen,Jalen Coker,Coker,6.425000190734863,8,5900,TB@CAR,CAR,TB,,,,,,WR/FLEX
124417-61555,WR,David,David Sills V,Sills V,3.6999999152289496,9,5800,ATL@ARI,ATL,ARI,,,,,,WR/FLEX
124417-151789,WR,Adonai,Adonai Mitchell,Mitchell,5.115384615384615,13,5800,NYJ@NO,NYJ,NO,,,,,,WR/FLEX
124417-55635,WR,Chris,Chris Godwin Jr.,Godwin Jr.,6.566666920979817,6,5800,TB@CAR,TB,CAR,,,,,,WR/FLEX
124417-152103,RB,Jaylen,Jaylen Wright,Wright,4.716666539510091,6,5800,CIN@MIA,MIA,CIN,,,,,,RB/FLEX
124417-90912,RB,Kenneth,Kenneth Gainwell,Gainwell,10.057143075125557,14,5800,PIT@DET,PIT,DET,,,,,,RB/FLEX
124417-69777,WR,Darnell,Darnell Mooney,Mooney,4.575000127156575,12,5700,ATL@ARI,ATL,ARI,,,,,,WR/FLEX
124417-145558,TE,Dalton,Dalton Kincaid,Kincaid,10.63000030517578,10,5700,BUF@CLE,BUF,CLE,,,,,,TE/FLEX
124417-45229,RB,Kareem,Kareem Hunt,Hunt,9.314285278320312,14,5700,KC@TEN,KC,TEN,,,,,,RB/FLEX
124417-90428,RB,Tyler,Tyler Allgeier,Allgeier,7.392857142857143,14,5700,ATL@ARI,ATL,ARI,,,,,,RB/FLEX
124417-86687,WR,Hollywood,Hollywood Brown,Brown,7.723077040452224,13,5700,KC@TEN,KC,TEN,Q,Personal,,,,WR/FLEX
124417-120639,WR,Quentin,Quentin Johnston,Johnston,10.454545454545455,11,5700,LAC@DAL,LAC,DAL,Q,Groin,,,,WR/FLEX
124417-103511,WR,Devaughn,Devaughn Vele,Vele,5.977777693006727,9,5600,NYJ@NO,NO,NYJ,Q,Shoulder,,,,WR/FLEX
124417-166112,RB,Ollie,Ollie Gordon II,Gordon II,3.5071427481515065,14,5600,CIN@MIA,MIA,CIN,Q,Ankle,,,,RB/FLEX
124417-158974,WR,Xavier,Xavier Worthy,Worthy,6.974999745686849,12,5600,KC@TEN,KC,TEN,,,,,,WR/FLEX
124417-63819,WR,Darius,Darius Slayton,Slayton,6.090909090909091,11,5600,MIN@NYG,NYG,MIN,,,,,,WR/FLEX
124417-110974,WR,Malik,Malik Washington,Washington,5.192856924874442,14,5600,CIN@MIA,MIA,CIN,,,,,,WR/FLEX
124417-87467,RB,Chuba,Chuba Hubbard,Hubbard,8.541666666666666,12,5600,TB@CAR,CAR,TB,,,,,,RB/FLEX
124417-158438,TE,Oronde,Oronde Gadsden II,Gadsden II,7.891666412353516,12,5600,LAC@DAL,LAC,DAL,,,,,,TE/FLEX
124417-147315,WR,Jayden,Jayden Higgins,Higgins,5.835714067731585,14,5600,LV@HOU,HOU,LV,,,,,,WR/FLEX
124417-42104,RB,Alvin,Alvin Kamara,Kamara,7.654545177112926,11,5500,NYJ@NO,NO,NYJ,Q,Knee - mcl,,,,RB/FLEX
124417-52451,RB,Samaje,Samaje Perine,Perine,3.6499999364217124,12,5500,CIN@MIA,CIN,MIA,,,,,,RB/FLEX
124417-102696,WR,John,John Metchie III,Metchie III,4.540000152587891,10,5500,NYJ@NO,NYJ,NO,,,,,,WR/FLEX
124417-25011,TE,Darren,Darren Waller,Waller,11.783332824707031,6,5500,CIN@MIA,MIA,CIN,,,,,,TE/FLEX
124417-90561,WR,Jerry,Jerry Jeudy,Jeudy,5.850000108991351,14,5500,BUF@CLE,CLE,BUF,,,,,,WR/FLEX
124417-201233,WR,Ryan,Ryan Flournoy,Flournoy,7.44545468417081,11,5500,LAC@DAL,DAL,LAC,,,,,,WR/FLEX
124417-90870,WR,Calvin,Calvin Austin III,Austin III,4.700000127156575,12,5500,PIT@DET,PIT,DET,,,,,,WR/FLEX
124417-120042,WR,Jalen,Jalen McMillan,McMillan,4.800000190734863,1,5400,TB@CAR,TB,CAR,,,,,,WR/FLEX
124417-110978,RB,Evan,Evan Hull,Hull,1.3999999364217122,3,5400,NYJ@NO,NO,NYJ,,,,,,RB/FLEX
124417-27050,WR,Tyler,Tyler Lockett,Lockett,2.9357141767229353,14,5400,LV@HOU,LV,HOU,Q,Wrist,,,,WR/FLEX
124417-60858,WR,Christian,Christian Kirk,Kirk,4.675000190734863,8,5400,LV@HOU,HOU,LV,,,,,,WR/FLEX
124417-185863,RB,Hunter,Hunter Luepke,Luepke,2.4000000423855252,9,5400,LAC@DAL,DAL,LAC,Q,Concussion,,,,RB/FLEX
124417-129546,WR,Tre',Tre' Harris,Harris,3.1692308279184194,13,5400,LAC@DAL,LAC,DAL,,,,,,WR/FLEX
124417-137902,RB,Rachaad,Rachaad White,White,7.728571210588727,14,5400,TB@CAR,TB,CAR,,,,,,RB/FLEX
124417-55042,TE,Dalton,Dalton Schultz,Schultz,8,14,5400,LV@HOU,HOU,LV,,,,,,TE/FLEX
124417-129112,WR,Chimere,Chimere Dike,Dike,5.585714067731585,14,5300,KC@TEN,TEN,KC,,,,,,WR/FLEX
124417-103587,TE,Brenton,Brenton Strange,Strange,6.833333333333333,9,5300,JAC@DEN,JAC,DEN,,,,,,TE/FLEX
124417-120093,WR,Marvin,Marvin Mims Jr.,Mims Jr.,5.466666539510091,12,5300,JAC@DEN,DEN,JAC,,,,,,WR/FLEX
124417-160213,RB,Isaiah,Isaiah Davis,Davis,3.585714340209961,14,5300,NYJ@NO,NYJ,NO,,,,,,RB/FLEX
124417-114198,WR,Xavier,Xavier Legette,Legette,5.466666539510091,12,5300,TB@CAR,CAR,TB,,,,,,WR/FLEX
124417-155551,WR,Pat,Pat Bryant,Bryant,4.75,10,5300,JAC@DEN,DEN,JAC,Q,Hamstring,,,,WR/FLEX
124417-71706,TE,T.J.,T.J. Hockenson,Hockenson,6.185714176722935,14,5200,MIN@NYG,MIN,NYG,,,,,,TE/FLEX
124417-151741,WR,Jack,Jack Bech,Bech,2.7100000381469727,10,5200,LV@HOU,LV,HOU,,,,,,WR/FLEX
124417-53562,RB,Nick,Nick Chubb,Chubb,5.923076923076923,13,5200,LV@HOU,HOU,LV,Q,Ribs,,,,RB/FLEX
124417-112041,WR,Isaiah,Isaiah Williams,Williams,2.6545455239035864,11,5200,NYJ@NO,NYJ,NO,,,,,,WR/FLEX
124417-60957,WR,KaVontae,KaVontae Turpin,Turpin,4.333333333333333,12,5200,LAC@DAL,DAL,LAC,,,,,,WR/FLEX
124417-128810,TE,Theo,Theo Johnson,Johnson,7.521428789411273,14,5200,MIN@NYG,NYG,MIN,,,,,,TE/FLEX
124417-172861,WR,Elic,Elic Ayomanor,Ayomanor,5.423076923076923,13,5200,KC@TEN,TEN,KC,,,,,,WR/FLEX
124417-103308,RB,Jawhar,Jawhar Jordan,Jordan,15.800000190734863,1,5200,LV@HOU,HOU,LV,,,,,,RB/FLEX
124417-64585,TE,Dawson,Dawson Knox,Knox,5.330769465519832,13,5100,BUF@CLE,BUF,CLE,,,,,,TE/FLEX
124417-103619,WR,Tre,Tre Tucker,Tucker,8.357142857142858,14,5100,LV@HOU,LV,HOU,,,,,,WR/FLEX
124417-64808,TE,Juwan,Juwan Johnson,Johnson,7.9571429661342075,14,5100,NYJ@NO,NO,NYJ,,,,,,TE/FLEX
124417-137516,WR,Parker,Parker Washington,Washington,7.6923076923076925,13,5100,JAC@DEN,JAC,DEN,,,,,,WR/FLEX
124417-87418,WR,Joshua,Joshua Palmer,Palmer,4.255555470784505,9,5100,BUF@CLE,BUF,CLE,,,,,,WR/FLEX
124417-92859,WR,Jalen,Jalen Nailor,Nailor,5.914285932268415,14,5100,MIN@NYG,MIN,NYG,,,,,,WR/FLEX
124417-137059,RB,Sean,Sean Tucker,Tucker,5.978571210588727,14,5100,TB@CAR,TB,CAR,,,,,,RB/FLEX
124417-166801,RB,Jaydon,Jaydon Blue,Blue,1.875,4,5100,LAC@DAL,DAL,LAC,,,,,,RB/FLEX
124417-56265,TE,Mike,Mike Gesicki,Gesicki,4.188888973659939,9,5100,CIN@MIA,CIN,MIA,,,,,,TE/FLEX
124417-70603,RB,Devin,Devin Singletary,Singletary,4.935714176722935,14,5100,MIN@NYG,NYG,MIN,,,,,,RB/FLEX
124417-12556,D,Houston,Houston Texans,Texans,9.785714285714286,14,5000,LV@HOU,HOU,LV,,,,,,DEF
124417-133477,TE,Darnell,Darnell Washington,Washington,4.754545385187322,11,5000,PIT@DET,PIT,DET,,,,,,TE/FLEX
124417-94579,RB,Emari,Emari Demercado,Demercado,4.399999830457899,9,5000,ATL@ARI,ARI,ATL,,,,,,RB/FLEX
124417-45565,TE,Taysom,Taysom Hill,Hill,1.8260000228881836,10,5000,NYJ@NO,NO,NYJ,,,,,,TE/FLEX
124417-55987,WR,JuJu,JuJu Smith-Schuster,Smith-Schuster,3.8384616558368387,13,5000,KC@TEN,KC,TEN,,,,,,WR/FLEX
124417-157467,WR,Keon,Keon Coleman,Coleman,7.136363636363637,11,5000,BUF@CLE,BUF,CLE,,,,,,WR/FLEX
124417-86811,TE,Cade,Cade Otton,Otton,5.5,12,5000,TB@CAR,TB,CAR,Q,Knee,,,,TE/FLEX
124417-29501,WR,Brandin,Brandin Cooks,Cooks,2.527272657914595,11,5000,BUF@CLE,BUF,CLE,Q,Undisclosed,,,,WR/FLEX
124417-103252,RB,Zonovan,Zonovan Knight,Knight,6.825000127156575,12,5000,ATL@ARI,ARI,ATL,IR,Ankle,,,,RB/FLEX
124417-160620,RB,Bhayshul,Bhayshul Tuten,Tuten,5.378571646554129,14,5000,JAC@DEN,JAC,DEN,D,Finger,,,,RB/FLEX
124417-119788,WR,Xavier,Xavier Hutchinson,Hutchinson,4.984615619365986,13,5000,LV@HOU,HOU,LV,,,,,,WR/FLEX
124417-64581,WR,Van,Van Jefferson,Jefferson,3.8333333333333335,12,4900,KC@TEN,TEN,KC,Q,Back,,,,WR/FLEX
124417-168054,TE,Mason,Mason Taylor,Taylor,5.146153963529146,13,4900,NYJ@NO,NYJ,NO,Q,Neck,,,,TE/FLEX
124417-89220,WR,Tyquan,Tyquan Thornton,Thornton,5.941666920979817,12,4900,KC@TEN,KC,TEN,Q,Concussion,,,,WR/FLEX
124417-174245,WR,Isaiah,Isaiah Bond,Bond,3.2833334604899087,12,4900,BUF@CLE,CLE,BUF,,,,,,WR/FLEX
124417-151740,RB,Corey,Corey Kiner,Kiner,1.100000023841858,1,4900,ATL@ARI,ARI,ATL,,,,,,RB/FLEX
124417-183488,WR,Isaac,Isaac TeSlaa,TeSlaa,3.6363636363636362,11,4900,PIT@DET,DET,PIT,,,,,,WR/FLEX
124417-86244,TE,Pat,Pat Freiermuth,Freiermuth,6.474999745686849,12,4900,PIT@DET,PIT,DET,,,,,,TE/FLEX
124417-12526,D,Buffalo,Buffalo Bills,Bills,6.571428571428571,14,4900,BUF@CLE,BUF,CLE,,,,,,DEF
124417-152007,WR,Jaylin,Jaylin Noel,Noel,2.892857142857143,14,4900,LV@HOU,HOU,LV,,,,,,WR/FLEX
124417-157150,RB,Audric,Audric Estime,Estime,3.799999952316284,2,4900,NYJ@NO,NO,NYJ,,,,,,RB/FLEX
124417-63050,RB,Ty,Ty Johnson,Johnson,3.9857142312186107,14,4900,BUF@CLE,BUF,CLE,,,,,,RB/FLEX
124417-152148,TE,Gunnar,Gunnar Helm,Helm,4.7999997820172995,14,4900,KC@TEN,TEN,KC,,,,,,TE/FLEX
124417-128624,WR,Tez,Tez Johnson,Johnson,6.033333460489909,12,4900,TB@CAR,TB,CAR,,,,,,WR/FLEX
124417-91931,TE,Greg,Greg Dulcich,Dulcich,4.583333333333333,6,4900,CIN@MIA,MIA,CIN,,,,,,TE/FLEX
124417-64389,WR,Nick,Nick Westbrook-Ikhine,Westbrook-Ikhine,1.309090874411843,11,4900,CIN@MIA,MIA,CIN,,,,,,WR/FLEX
124417-71705,TE,Noah,Noah Fant,Fant,5.345454476096413,11,4800,CIN@MIA,CIN,MIA,Q,Ankle,,,,TE/FLEX
124417-88297,TE,Chig,Chig Okonkwo,Okonkwo,4.885714394705636,14,4800,KC@TEN,TEN,KC,,,,,,TE/FLEX
124417-12536,D,Kansas City,Kansas City Chiefs,Chiefs,5.357142857142857,14,4800,KC@TEN,KC,TEN,,,,,,DEF
124417-185593,WR,Andrei,Andrei Iosivas,Iosivas,5.225000063578288,12,4800,CIN@MIA,CIN,MIA,,,,,,WR/FLEX
124417-94534,WR,Gabe,Gabe Davis,Davis,3.075000047683716,4,4800,BUF@CLE,BUF,CLE,,,,,,WR/FLEX
124417-71031,WR,Lil'Jordan,Lil'Jordan Humphrey,Humphrey,4.679999923706054,5,4800,JAC@DEN,DEN,JAC,,,,,,WR/FLEX
124417-87432,WR,Cedric,Cedric Tillman,Tillman,4.522222306993273,9,4800,BUF@CLE,CLE,BUF,,,,,,WR/FLEX
124417-174486,RB,Dylan,Dylan Sampson,Sampson,4.730769230769231,13,4800,BUF@CLE,CLE,BUF,Q,Hand,,,,RB/FLEX
124417-72182,WR,Dee,Dee Eskridge,Eskridge,0.6199999809265136,10,4800,CIN@MIA,MIA,CIN,,,,,,WR/FLEX
124417-92677,RB,Zavier,Zavier Scott,Scott,4.0428570338657925,7,4800,MIN@NYG,MIN,NYG,,,,,,RB/FLEX
124417-39716,WR,Adam,Adam Thielen,Thielen,1.3636363636363635,11,4800,PIT@DET,PIT,DET,,,,,,WR/FLEX
124417-41872,TE,Evan,Evan Engram,Engram,4.853846036470854,13,4800,JAC@DEN,DEN,JAC,,,,,,TE/FLEX
124417-48116,TE,Jonnu,Jonnu Smith,Smith,4.092857088361468,14,4800,PIT@DET,PIT,DET,,,,,,TE/FLEX
124417-111637,TE,Cade,Cade Stover,Stover,2.700000047683716,4,4700,LV@HOU,HOU,LV,,,,,,TE/FLEX
124417-55335,TE,David,David Njoku,Njoku,6.345454822887074,11,4700,BUF@CLE,CLE,BUF,Q,Knee,,,,TE/FLEX
124417-12531,D,Denver,Denver Broncos,Broncos,8.071428571428571,14,4700,JAC@DEN,DEN,JAC,,,,,,DEF
124417-91417,TE,Luke,Luke Schoonmaker,Schoonmaker,1.3333333333333333,12,4700,LAC@DAL,DAL,LAC,,,,,,TE/FLEX
124417-88548,WR,Jalen,Jalen Tolbert,Tolbert,3.577777862548828,9,4700,LAC@DAL,DAL,LAC,,,,,,WR/FLEX
124417-88575,WR,Elijah,Elijah Moore,Moore,2.677777820163303,9,4700,JAC@DEN,DEN,JAC,,,,,,WR/FLEX
124417-112192,WR,Jonathan,Jonathan Mingo,Mingo,1.5,2,4700,LAC@DAL,DAL,LAC,,,,,,WR/FLEX
124417-147051,RB,Jaleel,Jaleel McLaughlin,McLaughlin,3.0799999237060547,5,4700,JAC@DEN,DEN,JAC,,,,,,RB/FLEX
124417-138998,TE,Michael,Michael Mayer,Mayer,3.5200000762939454,10,4700,LV@HOU,LV,HOU,,,,,,TE/FLEX
124417-57091,WR,Tim,Tim Patrick,Patrick,4.170000076293945,10,4700,JAC@DEN,JAC,DEN,,,,,,WR/FLEX
124417-107293,RB,Tyjae,Tyjae Spears,Spears,6.340000152587891,10,4700,KC@TEN,TEN,KC,,,,,,RB/FLEX
124417-138037,WR,Roman,Roman Wilson,Wilson,3.6222220526801214,9,4700,PIT@DET,PIT,DET,,,,,,WR/FLEX
124417-27477,WR,Sterling,Sterling Shepard,Shepard,4.8076923076923075,13,4700,TB@CAR,TB,CAR,,,,,,WR/FLEX
124417-166749,RB,LeQuint,LeQuint Allen Jr.,Allen Jr.,1.3214285714285714,14,4700,JAC@DEN,JAC,DEN,,,,,,RB/FLEX
124417-93055,WR,Isaiah,Isaiah Hodgins,Hodgins,5.300000190734863,4,4700,MIN@NYG,NYG,MIN,,,,,,WR/FLEX
124417-69860,RB,Trayveon,Trayveon Williams,Williams,0.6999999682108561,3,4600,BUF@CLE,CLE,BUF,,,,,,RB/FLEX
124417-12551,D,Tampa Bay,Tampa Bay Buccaneers,Buccaneers,6.214285714285714,14,4600,TB@CAR,TB,CAR,,,,,,DEF
124417-93538,WR,Dyami,Dyami Brown,Brown,3.8400001525878906,10,4600,JAC@DEN,JAC,DEN,,,,,,WR/FLEX
124417-60838,WR,Andre,Andre Baccellia,Baccellia,0.44999998807907104,4,4600,ATL@ARI,ARI,ATL,IR,Neck,,,,WR/FLEX
124417-87815,TE,Jeremy,Jeremy Ruckert,Ruckert,2.9363635670055044,11,4600,NYJ@NO,NYJ,NO,,,,,,TE/FLEX
124417-70422,WR,Kalif,Kalif Raymond,Raymond,2.990909229625355,11,4600,PIT@DET,DET,PIT,,,,,,WR/FLEX
124417-128912,WR,Mitch,Mitch Tinsley,Tinsley,3.942857197352818,7,4600,CIN@MIA,CIN,MIA,,,,,,WR/FLEX
124417-157609,WR,Gage,Gage Larvadain,Larvadain,0.8899999618530273,10,4600,BUF@CLE,CLE,BUF,,,,,,WR/FLEX
124417-93143,TE,Noah,Noah Gray,Gray,2.100000034679066,11,4600,KC@TEN,KC,TEN,,,,,,TE/FLEX
124417-168916,RB,Kaleb,Kaleb Johnson,Johnson,0.6300000190734864,10,4600,PIT@DET,PIT,DET,,,,,,RB/FLEX
124417-91101,TE,Tommy,Tommy Tremble,Tremble,3.0750001271565757,12,4600,TB@CAR,CAR,TB,,,,,,TE/FLEX
124417-28744,RB,Raheem,Raheem Mostert,Mostert,2,11,4500,LV@HOU,LV,HOU,,,,,,RB/FLEX
124417-28827,RB,Dare,Dare Ogunbowale,Ogunbowale,1.9222221374511719,9,4500,LV@HOU,HOU,LV,,,,,,RB/FLEX
124417-12532,D,Detroit,Detroit Lions,Lions,5.857142857142857,14,4500,PIT@DET,DET,PIT,,,,,,DEF
124417-158983,TE,Ja'Tavion,Ja'Tavion Sanders,Sanders,3.160000038146973,10,4500,TB@CAR,CAR,TB,,,,,,TE/FLEX
124417-52613,WR,Curtis,Curtis Samuel,Samuel,2.933333396911621,6,4500,BUF@CLE,BUF,CLE,IR,Elbow,,,,WR/FLEX
124417-63907,TE,Josh,Josh Oliver,Oliver,4.377777947319879,9,4500,MIN@NYG,MIN,NYG,,,,,,TE/FLEX
124417-71105,WR,Ben,Ben Skowronek,Skowronek,1.6555555131700304,9,4500,PIT@DET,PIT,DET,,,,,,WR/FLEX
124417-90583,WR,Tyrell,Tyrell Shavers,Shavers,3.8499999046325684,8,4500,BUF@CLE,BUF,CLE,,,,,,WR/FLEX
124417-201260,WR,Mason,Mason Tipton,Tipton,1.2571428843906947,7,4500,NYJ@NO,NO,NYJ,,,,,,WR/FLEX
124417-94887,RB,Tyler,Tyler Badie,Badie,1.8000000317891438,12,4500,JAC@DEN,DEN,JAC,,,,,,RB/FLEX
124417-128805,WR,KeAndre,KeAndre Lambert-Smith,Lambert-Smith,1.4499999682108562,6,4500,LAC@DAL,LAC,DAL,,,,,,WR/FLEX
124417-85842,TE,Brevyn,Brevyn Spann-Ford,Spann-Ford,1.322222179836697,9,4500,LAC@DAL,DAL,LAC,,,,,,TE/FLEX
124417-69581,WR,Cedrick,Cedrick Wilson Jr.,Wilson Jr.,1.3333333333333333,3,4500,CIN@MIA,MIA,CIN,,,,,,WR/FLEX
124417-138277,WR,Jalen,Jalen Brooks,Brooks,2.299999952316284,2,4400,ATL@ARI,ARI,ATL,,,,,,WR/FLEX
124417-155775,RB,Brashard,Brashard Smith,Smith,2.5071427481515065,14,4400,KC@TEN,KC,TEN,,,,,,RB/FLEX
124417-83117,TE,Tanner,Tanner Hudson,Hudson,4.162499904632568,8,4400,CIN@MIA,CIN,MIA,,,,,,TE/FLEX
124417-130270,TE,Adam,Adam Trautman,Trautman,3.3000000847710504,9,4400,JAC@DEN,DEN,JAC,,,,,,TE/FLEX
124417-12554,D,Jacksonville,Jacksonville Jaguars,Jaguars,8.428571428571429,14,4400,JAC@DEN,JAC,DEN,,,,,,DEF
124417-94621,WR,Derius,Derius Davis,Davis,-0.06999999880790711,10,4400,LAC@DAL,LAC,DAL,Q,Ankle,,,,WR/FLEX
124417-80294,TE,Anthony,Anthony Firkser,Firkser,1.0499999523162842,2,4400,PIT@DET,DET,PIT,,,,,,TE/FLEX
124417-56809,WR,Allen,Allen Lazard,Lazard,2,9,4400,NYJ@NO,NYJ,NO,,,,,,WR/FLEX
124417-200291,TE,Jackson,Jackson Hawes,Hawes,3.6909089521928267,11,4400,BUF@CLE,BUF,CLE,,,,,,TE/FLEX
124417-87668,WR,Shedrick,Shedrick Jackson,Jackson,9,1,4400,LV@HOU,LV,HOU,,,,,,WR/FLEX
124417-88699,RB,Jaret,Jaret Patterson,Patterson,4.724999904632568,4,4400,LAC@DAL,LAC,DAL,,,,,,RB/FLEX
124417-112455,WR,Xavier,Xavier Gipson,Gipson,-0.40000001589457196,6,4400,MIN@NYG,NYG,MIN,,,,,,WR/FLEX
124417-128913,WR,Malachi,Malachi Corley,Corley,1.7000000211927626,9,4400,BUF@CLE,CLE,BUF,,,,,,WR/FLEX
124417-60451,TE,Tyler,Tyler Conklin,Conklin,2.5399999618530273,5,4300,LAC@DAL,LAC,DAL,,,,,,TE/FLEX
124417-54426,TE,Andrew,Andrew Beck,Beck,1.662500023841858,8,4300,NYJ@NO,NYJ,NO,,,,,,TE/FLEX
124417-12529,D,Cleveland,Cleveland Browns,Browns,7.285714285714286,14,4300,BUF@CLE,CLE,BUF,,,,,,DEF
124417-103694,RB,Ray,Ray Davis,Davis,2.0142857687813893,14,4300,BUF@CLE,BUF,CLE,,,,,,RB/FLEX
124417-151909,WR,Dont'e,Dont'e Thornton Jr.,Thornton Jr.,1.8111110263400607,9,4300,LV@HOU,LV,HOU,,,,,,WR/FLEX
124417-102986,TE,Elijah,Elijah Higgins,Higgins,2.183333396911621,12,4300,ATL@ARI,ARI,ATL,,,,,,TE/FLEX
124417-63186,WR,James,James Proche II,Proche II,1.875,4,4300,KC@TEN,TEN,KC,,,,,,WR/FLEX
124417-86747,WR,Dylan,Dylan Drummond,Drummond,2.566666603088379,3,4300,ATL@ARI,ATL,ARI,,,,,,WR/FLEX
124417-86778,TE,Devin,Devin Culp,Culp,3.549999952316284,2,4300,TB@CAR,TB,CAR,,,,,,TE/FLEX
124417-201535,WR,Kameron,Kameron Johnson,Johnson,1.1214285578046526,14,4300,TB@CAR,TB,CAR,,,,,,WR/FLEX
124417-139094,WR,Jalin,Jalin Hyatt,Hyatt,0.8571428571428571,7,4300,MIN@NYG,NYG,MIN,,,,,,WR/FLEX
124417-137139,WR,Myles,Myles Price,Price,-0.42857142857142855,14,4300,MIN@NYG,MIN,NYG,,,,,,WR/FLEX
124417-152537,WR,Tai,Tai Felton,Felton,0.4142857279096331,7,4300,MIN@NYG,MIN,NYG,,,,,,WR/FLEX
124417-90123,TE,Quintin,Quintin Morris,Morris,1.3,5,4200,JAC@DEN,JAC,DEN,,,,,,TE/FLEX
124417-89185,TE,Ben,Ben Sims,Sims,1.399999976158142,1,4200,MIN@NYG,MIN,NYG,,,,,,TE/FLEX
124417-68712,WR,Tyler,Tyler Johnson,Johnson,4.242857251848493,7,4200,NYJ@NO,NYJ,NO,,,,,,WR/FLEX
124417-79987,WR,David,David Moore,Moore,0.7333333492279053,3,4200,TB@CAR,CAR,TB,IR,Elbow,,,,WR/FLEX
124417-12530,D,Dallas,Dallas Cowboys,Cowboys,3.9285714285714284,14,4200,LAC@DAL,DAL,LAC,,,,,,DEF
124417-93540,RB,British,British Brooks,Brooks,0.3,5,4200,LV@HOU,HOU,LV,,,,,,RB/FLEX
124417-56711,TE,Drew,Drew Sample,Sample,1.975000023841858,8,4200,CIN@MIA,CIN,MIA,,,,,,TE/FLEX
124417-91578,RB,Zamir,Zamir White,White,1.9666666984558105,3,4200,LV@HOU,LV,HOU,,,,,,RB/FLEX
124417-185850,TE,Julian,Julian Hill,Hill,2.2333333757188587,9,4200,CIN@MIA,MIA,CIN,,,,,,TE/FLEX
124417-154124,TE,Mitchell,Mitchell Evans,Evans,3.279999923706055,10,4200,TB@CAR,CAR,TB,,,,,,TE/FLEX
124417-138786,WR,Malik,Malik Heath,Heath,2.3200000762939452,5,4200,ATL@ARI,ATL,ARI,,,,,,WR/FLEX
124417-57986,WR,Hunter,Hunter Renfrow,Renfrow,4.733333269755046,6,4200,TB@CAR,CAR,TB,,,,,,WR/FLEX
124417-71351,TE,Charlie,Charlie Woerner,Woerner,1.3333333333333333,6,4200,ATL@ARI,ATL,ARI,,,,,,TE/FLEX
124417-65231,RB,Adam,Adam Prentice,Prentice,1.1272726925936611,11,4200,JAC@DEN,DEN,JAC,,,,,,RB/FLEX
124417-92882,TE,Connor,Connor Heyward,Heyward,1.6299999237060547,10,4200,PIT@DET,PIT,DET,,,,,,TE/FLEX
124417-157438,WR,Jimmy,Jimmy Horn Jr.,Horn Jr.,2.3999998910086497,7,4200,TB@CAR,CAR,TB,,,,,,WR/FLEX
124417-72515,TE,Ian,Ian Thomas,Thomas,2.557142802647182,7,4200,LV@HOU,LV,HOU,Q,Calf,,,,TE/FLEX
124417-167849,TE,Zach,Zach Horton,Horton,,0,4200,PIT@DET,DET,PIT,,,,,,TE/FLEX
124417-86055,RB,Dameon,Dameon Pierce,Pierce,0.6499999761581421,4,4100,KC@TEN,KC,TEN,,,,,,RB/FLEX
124417-86113,WR,Ihmir,Ihmir Smith-Marsette,Smith-Marsette,0.4,15,4100,MIN@NYG,NYG,MIN,,,,,,WR/FLEX
124417-104577,WR,Gunner,Gunner Olszewski,Olszewski,0.9400000205406775,13,4100,MIN@NYG,NYG,MIN,Q,Concussion,,,,WR/FLEX
124417-168076,RB,Sione,Sione Vaki,Vaki,0.10000000149011612,4,4100,PIT@DET,DET,PIT,,,,,,RB/FLEX
124417-52409,RB,Jakob,Jakob Johnson,Johnson,,0,4100,LV@HOU,HOU,LV,,,,,,RB/FLEX
124417-90307,TE,Daniel,Daniel Bellinger,Bellinger,3.720000076293945,10,4100,MIN@NYG,NYG,MIN,,,,,,TE/FLEX
124417-170184,RB,Julius,Julius Chestnut,Chestnut,0.3900000095367432,10,4100,KC@TEN,TEN,KC,,,,,,RB/FLEX
124417-93391,TE,Payne,Payne Durham,Durham,0.4000000059604645,4,4100,TB@CAR,TB,CAR,,,,,,TE/FLEX
124417-170188,TE,Tanner,Tanner Conner,Conner,1.9428571973528181,7,4100,CIN@MIA,MIA,CIN,,,,,,TE/FLEX
124417-63717,RB,Alec,Alec Ingold,Ingold,1.1285714421953474,7,4100,CIN@MIA,MIA,CIN,,,,,,RB/FLEX
124417-12540,D,Minnesota,Minnesota Vikings,Vikings,6.642857142857143,14,4100,MIN@NYG,MIN,NYG,,,,,,DEF
124417-60712,TE,Foster,Foster Moreau,Moreau,1.3999999364217122,6,4100,NYJ@NO,NO,NYJ,,,,,,TE/FLEX
124417-85306,WR,KhaDarel,KhaDarel Hodge,Hodge,0.9199999809265137,5,4100,ATL@ARI,ATL,ARI,,,,,,WR/FLEX
124417-92479,TE,David,David Martin-Robinson,Martin-Robinson,1.5399999618530273,5,4100,KC@TEN,TEN,KC,,,,,,TE/FLEX
124417-149832,TE,Shane,Shane Zylstra,Zylstra,1.350000023841858,2,4100,PIT@DET,DET,PIT,,,,,,TE/FLEX
124417-91481,WR,Nikko,Nikko Remigio,Remigio,0.28461538828336275,13,4100,KC@TEN,KC,TEN,,,,,,WR/FLEX
124417-133478,WR,Arian,Arian Smith,Smith,0.8800000190734864,10,4100,NYJ@NO,NYJ,NO,,,,,,WR/FLEX
124417-56708,TE,Will,Will Dissly,Dissly,1.150000015894572,6,4100,LAC@DAL,LAC,DAL,,,,,,TE/FLEX
124417-80353,TE,Robert,Robert Tonyan,Tonyan,0.6000000238418579,1,4100,KC@TEN,KC,TEN,,,,,,TE/FLEX
124417-129560,WR,Xavier,Xavier Restrepo,Restrepo,2.799999952316284,2,4100,KC@TEN,TEN,KC,,,,,,WR/FLEX
124417-89627,WR,Brycen,Brycen Tremayne,Tremayne,2.144444359673394,9,4100,TB@CAR,CAR,TB,,,,,,WR/FLEX
124417-114252,WR,Xavier,Xavier Weaver,Weaver,0.7800000190734864,5,4100,ATL@ARI,ARI,ATL,Q,Hamstring,,,,WR/FLEX
124417-172646,RB,Trevor,Trevor Etienne,Etienne,0.7285714149475098,14,4100,TB@CAR,CAR,TB,,,,,,RB/FLEX
124417-29411,TE,Pharaoh,Pharaoh Brown,Brown,0.36666667461395264,3,4100,ATL@ARI,ARI,ATL,,,,,,TE/FLEX
124417-70501,RB,C.J.,C.J. Ham,Ham,1.774999976158142,4,4100,MIN@NYG,MIN,NYG,,,,,,RB/FLEX
124417-137122,RB,Tahj,Tahj Brooks,Brooks,0.4666666587193807,6,4100,CIN@MIA,CIN,MIA,,,,,,RB/FLEX
124417-104388,WR,Tom,Tom Kennedy,Kennedy,1.8666666348775227,3,4100,PIT@DET,DET,PIT,,,,,,WR/FLEX
124417-96269,RB,Owen,Owen Wright,Wright,0.30000001192092896,2,4000,TB@CAR,TB,CAR,,,,,,RB/FLEX
124417-156684,RB,Kye,Kye Robichaux,Robichaux,,0,4000,PIT@DET,DET,PIT,IR,Undisclosed,,,,RB/FLEX
124417-139284,RB,Frank,Frank Gore Jr.,Gore Jr.,,0,4000,BUF@CLE,BUF,CLE,,,,,,RB/FLEX
124417-110616,TE,Treyton,Treyton Welch,Welch,,0,4000,NYJ@NO,NO,NYJ,,,,,,TE/FLEX
124417-152603,RB,Anthony,Anthony Tyus III,Tyus III,,0,4000,TB@CAR,CAR,TB,,,,,,RB/FLEX
124417-137254,RB,Deuce,Deuce Vaughn,Vaughn,1.7166666984558105,6,4000,JAC@DEN,DEN,JAC,,,,,,RB/FLEX
124417-154661,WR,Michael,Michael Bandy,Bandy,2.866666793823242,3,4000,JAC@DEN,DEN,JAC,,,,,,WR/FLEX
124417-64555,WR,Calvin,Calvin Ridley,Ridley,5.971428462437221,7,4000,KC@TEN,TEN,KC,IR,Lower leg,,,,WR/FLEX
124417-88109,RB,Gary,Gary Brightwell,Brightwell,0,2,4000,CIN@MIA,CIN,MIA,,,,,,RB/FLEX
124417-152631,WR,Samori,Samori Toure,Toure,,0,4000,NYJ@NO,NO,NYJ,,,,,,WR/FLEX
124417-152628,TE,Thomas,Thomas Fidone II,Fidone II,,0,4000,MIN@NYG,NYG,MIN,IR,Foot,,,,TE/FLEX
124417-129081,RB,Ahmani,Ahmani Marshall,Marshall,,0,4000,BUF@CLE,CLE,BUF,,,,,,RB/FLEX
124417-86075,TE,Lucas,Lucas Krull,Krull,1.25,2,4000,JAC@DEN,DEN,JAC,IR,Foot,,,,TE/FLEX
124417-133180,TE,Ben,Ben Yurosek,Yurosek,0.5,2,4000,MIN@NYG,MIN,NYG,,,,,,TE/FLEX
124417-87109,WR,Bryce,Bryce Oliver,Oliver,1.2999999523162842,1,4000,KC@TEN,TEN,KC,IR,Knee,,,,WR/FLEX
124417-174148,RB,Carlos,Carlos Washington Jr.,Washington Jr.,,0,4000,ATL@ARI,ATL,ARI,,,,,,RB/FLEX
124417-72776,RB,Alexander,Alexander Mattison,Mattison,7.96000010172526,15,4000,CIN@MIA,MIA,CIN,IR,Neck,,,,RB/FLEX
124417-112715,WR,Joshua,Joshua Cephus,Cephus,,0,4000,JAC@DEN,JAC,DEN,IR,Undisclosed,,,,WR/FLEX
124417-170056,WR,Dee,Dee Williams,Williams,-0.5,12,4000,BUF@CLE,CLE,BUF,,,,,,WR/FLEX
124417-87117,TE,Brenden,Brenden Bates,Bates,1.649999976158142,2,4000,BUF@CLE,CLE,BUF,,,,,,TE/FLEX
124417-42077,TE,James,James Winchester,Winchester,0,2,4000,KC@TEN,KC,TEN,,,,,,TE/FLEX
124417-169067,TE,Bryce,Bryce Pierre,Pierre,,0,4000,TB@CAR,CAR,TB,,,,,,TE/FLEX
124417-79979,WR,Jamal,Jamal Agnew,Agnew,-0.18181818181818182,11,4000,ATL@ARI,ATL,ARI,,,,,,WR/FLEX
124417-68714,TE,Ko,Ko Kieft,Kieft,0,1,4000,TB@CAR,TB,CAR,IR,Leg,,,,TE/FLEX
124417-46200,TE,Daniel,Daniel Brunskill,Brunskill,0,1,4000,CIN@MIA,MIA,CIN,,,,,,TE/FLEX
124417-64634,WR,Alex,Alex Bachman,Bachman,0.17499999701976776,8,4000,LV@HOU,LV,HOU,Q,Thumb,,,,WR/FLEX
124417-94345,TE,Cole,Cole Turner,Turner,,0,4000,KC@TEN,TEN,KC,,,,,,TE/FLEX
124417-83083,WR,Justin,Justin Watson,Watson,2.25,2,4000,LV@HOU,HOU,LV,IR,Calf,,,,WR/FLEX
124417-87179,TE,Thomas,Thomas Yassmin,Yassmin,,0,4000,LAC@DAL,LAC,DAL,,,,,,TE/FLEX
124417-95370,TE,Ryan,Ryan Miller,Miller,1.4857142312186105,7,4000,MIN@NYG,NYG,MIN,,,,,,TE/FLEX
124417-103564,WR,Garrett,Garrett Wilson,Wilson,11.642857142857142,7,4000,NYJ@NO,NYJ,NO,IR,Knee,,,,WR/FLEX
124417-152717,WR,Beaux,Beaux Collins,Collins,1.1666666666666667,3,4000,MIN@NYG,NYG,MIN,IR,Neck,,,,WR/FLEX
124417-143509,TE,Caleb,Caleb Lohner,Lohner,,0,4000,JAC@DEN,DEN,JAC,,,,,,TE/FLEX
124417-135325,TE,Rivaldo,Rivaldo Fairweather,Fairweather,,0,4000,LAC@DAL,DAL,LAC,,,,,,TE/FLEX
124417-62628,WR,DeAndre,DeAndre Carter,Carter,0,4,4000,BUF@CLE,CLE,BUF,IR,Knee,,,,WR/FLEX
124417-71845,RB,Miles,Miles Sanders,Sanders,5.675000190734863,4,4000,LAC@DAL,DAL,LAC,IR,Knee,,,,RB/FLEX
124417-105646,TE,Sam,Sam LaPorta,LaPorta,9.655555725097656,9,4000,PIT@DET,DET,PIT,IR,Back,,,,TE/FLEX
124417-86203,WR,Justin,Justin Shorter,Shorter,0,1,4000,LV@HOU,LV,HOU,,,,,,WR/FLEX
124417-65724,RB,JaMycal,JaMycal Hasty,Hasty,2.1636362942782315,11,4000,CIN@MIA,MIA,CIN,,,,,,RB/FLEX
124417-129219,RB,Israel,Israel Abanikanda,Abanikanda,,0,4000,LAC@DAL,DAL,LAC,,,,,,RB/FLEX
124417-70859,TE,Albert,Albert Okwuegbunam Jr.,Okwuegbunam Jr.,6.099999904632568,1,4000,LV@HOU,LV,HOU,,,,,,TE/FLEX
124417-149708,TE,Zach,Zach Davidson,Davidson,0.5,2,4000,MIN@NYG,NYG,MIN,,,,,,TE/FLEX
124417-112850,RB,Michael,Michael Wiley,Wiley,,0,4000,TB@CAR,TB,CAR,,,,,,RB/FLEX
124417-151761,WR,Malik,Malik Nabers,Nabers,12.774999618530273,4,4000,MIN@NYG,NYG,MIN,IR,Knee - acl,,,,WR/FLEX
124417-104661,TE,Patrick,Patrick Herbert,Herbert,,0,4000,JAC@DEN,JAC,DEN,,,,,,TE/FLEX
124417-25813,WR,Phillip,Phillip Dorsett II,Dorsett II,,0,4000,LV@HOU,LV,HOU,,,,,,WR/FLEX
124417-226525,WR,Chandler,Chandler Brayboy,Brayboy,,0,4000,JAC@DEN,JAC,DEN,,,,,,WR/FLEX
124417-91361,RB,Hassan,Hassan Haskins,Haskins,0.9000000272478376,7,4000,LAC@DAL,LAC,DAL,,,,,,RB/FLEX
124417-93408,WR,Rondale,Rondale Moore,Moore,,0,4000,MIN@NYG,MIN,NYG,IR,Knee,,,,WR/FLEX
124417-130275,WR,Kristian,Kristian Wilkerson,Wilkerson,8.800000190734863,1,4000,KC@TEN,TEN,KC,,,,,,WR/FLEX
124417-170208,WR,Kaden,Kaden Davis,Davis,0,1,4000,BUF@CLE,CLE,BUF,,,,,,WR/FLEX
124417-88290,WR,Jeshaun,Jeshaun Jones,Jones,,0,4000,MIN@NYG,MIN,NYG,,,,,,WR/FLEX
124417-169185,WR,Jamaal,Jamaal Pritchett,Pritchett,,0,4000,NYJ@NO,NYJ,NO,,,,,,WR/FLEX
124417-170214,WR,Dennis,Dennis Houston,Houston,,0,4000,TB@CAR,TB,CAR,,,,,,WR/FLEX
124417-130276,WR,Mason,Mason Kinsey,Kinsey,0.949999988079071,2,4000,KC@TEN,TEN,KC,,,,,,WR/FLEX
124417-110834,WR,Tahj,Tahj Washington,Washington,-0.4000000059604645,1,4000,CIN@MIA,MIA,CIN,,,,,,WR/FLEX
124417-151799,WR,Jackson,Jackson Meeks,Meeks,,0,4000,PIT@DET,DET,PIT,,,,,,WR/FLEX
124417-12539,D,Miami,Miami Dolphins,Dolphins,6.5,14,4000,CIN@MIA,MIA,CIN,,,,,,DEF
124417-92413,RB,Elijah,Elijah Mitchell,Mitchell,0,1,4000,KC@TEN,KC,TEN,,,,,,RB/FLEX
124417-151806,RB,Raheim,Raheim Sanders,Sanders,6.300000190734863,1,4000,BUF@CLE,CLE,BUF,,,,,,RB/FLEX
124417-71935,WR,Kendric,Kendric Pryor,Pryor,1.399999976158142,1,4000,CIN@MIA,CIN,MIA,,,,,,WR/FLEX
124417-55552,RB,Jeff,Jeff Wilson Jr.,Wilson Jr.,1.1375000476837158,8,4000,CIN@MIA,MIA,CIN,,,,,,RB/FLEX
124417-91401,WR,Ronnie,Ronnie Bell,Bell,0.6400000095367432,5,4000,NYJ@NO,NO,NYJ,,,,,,WR/FLEX
124417-52495,WR,Braxton,Braxton Berrios,Berrios,1.6749999523162842,4,4000,LV@HOU,HOU,LV,,,,,,WR/FLEX
124417-94481,WR,Deven,Deven Thompkins,Thompkins,1.1749999523162842,4,4000,ATL@ARI,ATL,ARI,,,,,,WR/FLEX
124417-71957,WR,Quintez,Quintez Cephus,Cephus,,0,4000,LV@HOU,HOU,LV,,,,,,WR/FLEX
124417-157975,TE,Keleki,Keleki Latu,Latu,0.8999999761581421,1,4000,BUF@CLE,BUF,CLE,,,,,,TE/FLEX
124417-129302,WR,Stephen,Stephen Gosnell,Gosnell,,0,4000,BUF@CLE,BUF,CLE,,,,,,WR/FLEX
124417-87371,RB,Ty,Ty Chandler,Chandler,0,1,4000,MIN@NYG,MIN,NYG,IR,Knee,,,,RB/FLEX
124417-176467,WR,Jalen,Jalen Royals,Royals,0,1,4000,KC@TEN,KC,TEN,,,,,,WR/FLEX
124417-41305,WR,Zay,Zay Jones,Jones,4.049999872843425,6,4000,ATL@ARI,ARI,ATL,IR,Achilles,,,,WR/FLEX
124417-89437,WR,Tim,Tim Jones,Jones,1,2,4000,JAC@DEN,JAC,DEN,,,,,,WR/FLEX
124417-137567,TE,Jalin,Jalin Conyers,Conyers,,0,4000,CIN@MIA,MIA,CIN,IR,Leg,,,,TE/FLEX
124417-153957,TE,Zaire,Zaire Mitchell-Paden,Mitchell-Paden,0.9000000158945719,3,4000,NYJ@NO,NO,NYJ,,,,,,TE/FLEX
124417-151914,TE,Moliki,Moliki Matavao,Matavao,,0,4000,NYJ@NO,NO,NYJ,,,,,,TE/FLEX
124417-63855,WR,K.J.,K.J. Osborn,Osborn,2.171428544180734,7,4000,ATL@ARI,ATL,ARI,,,,,,WR/FLEX
124417-56698,WR,Dante,Dante Pettis,Pettis,0.4749999940395355,4,4000,NYJ@NO,NO,NYJ,,,,,,WR/FLEX
124417-92545,RB,Keaontay,Keaontay Ingram,Ingram,0,1,4000,KC@TEN,KC,TEN,IR,Undisclosed,,,,RB/FLEX
124417-185728,TE,Patrick,Patrick Murtagh,Murtagh,,0,4000,JAC@DEN,DEN,JAC,,,,,,TE/FLEX
124417-114054,WR,Dalen,Dalen Cambre,Cambre,0,2,4000,MIN@NYG,NYG,MIN,,,,,,WR/FLEX
124417-64905,WR,Trenton,Trenton Irwin,Irwin,0.5,6,4000,NYJ@NO,NYJ,NO,,,,,,WR/FLEX
124417-183693,WR,Da'Quan,Da'Quan Felton,Felton,,0,4000,MIN@NYG,NYG,MIN,IR,Undisclosed,,,,WR/FLEX
124417-138643,WR,Jason,Jason Brownlee,Brownlee,0,1,4000,KC@TEN,KC,TEN,,,,,,WR/FLEX
124417-87442,TE,Princeton,Princeton Fant,Fant,0,2,4000,LAC@DAL,DAL,LAC,,,,,,TE/FLEX
124417-92573,TE,Travis,Travis Vokolek,Vokolek,0,1,4000,ATL@ARI,ARI,ATL,IR,Neck,,,,TE/FLEX
124417-114079,TE,Hayden,Hayden Rucci,Rucci,,0,4000,CIN@MIA,MIA,CIN,,,,,,TE/FLEX
124417-93600,WR,Bryce,Bryce Ford-Wheaton,Ford-Wheaton,0,1,4000,MIN@NYG,NYG,MIN,IR,Achilles,,,,WR/FLEX
124417-90533,RB,Jerome,Jerome Ford,Ford,2.353846183189979,13,4000,BUF@CLE,CLE,BUF,IR,Shoulder,,,,RB/FLEX
124417-112037,WR,Casey,Casey Washington,Washington,2.4799999237060546,5,4000,ATL@ARI,ATL,ARI,,,,,,WR/FLEX
124417-103844,WR,Nick,Nick Nash,Nash,,0,4000,ATL@ARI,ATL,ARI,,,,,,WR/FLEX
124417-87469,TE,Jelani,Jelani Woods,Woods,,0,4000,NYJ@NO,NYJ,NO,,,,,,TE/FLEX
124417-112044,WR,Dalevon,Dalevon Campbell,Campbell,,0,4000,LAC@DAL,LAC,DAL,,,,,,WR/FLEX
124417-53681,WR,Tyreek,Tyreek Hill,Hill,11.5,4,4000,CIN@MIA,MIA,CIN,IR,Knee - acl,,,,WR/FLEX
124417-40371,TE,Johnny,Johnny Mundt,Mundt,1.5,9,4000,JAC@DEN,JAC,DEN,,,,,,TE/FLEX
124417-133558,WR,Luke,Luke Floriea,Floriea,,0,4000,BUF@CLE,CLE,BUF,,,,,,WR/FLEX
124417-114109,WR,Ainias,Ainias Smith,Smith,2.839999961853027,5,4000,TB@CAR,CAR,TB,,,,,,WR/FLEX
124417-206276,WR,Jaden,Jaden Smith,Smith,,0,4000,TB@CAR,TB,CAR,IR,Undisclosed,,,,WR/FLEX
124417-26057,RB,Michael,Michael Burton,Burton,2.209090839732777,11,4000,JAC@DEN,DEN,JAC,IR,Hamstring,,,,RB/FLEX
124417-90575,RB,Najee,Najee Harris,Harris,3.366666793823242,3,4000,LAC@DAL,LAC,DAL,IR,Achilles,,,,RB/FLEX
124417-109007,WR,Josh,Josh Kelly,Kelly,,0,4000,LV@HOU,HOU,LV,,,,,,WR/FLEX
124417-109008,WR,Jalen,Jalen Cropper,Cropper,0,2,4000,LAC@DAL,DAL,LAC,,,,,,WR/FLEX
124417-185827,RB,Jacob,Jacob Saylors,Saylors,0.12222222487131755,9,4000,PIT@DET,DET,PIT,,,,,,RB/FLEX
124417-112101,WR,Jared,Jared Wayne,Wayne,3,1,4000,LV@HOU,HOU,LV,,,,,,WR/FLEX
124417-133615,WR,Dontae,Dontae Fleming,Fleming,,0,4000,MIN@NYG,MIN,NYG,,,,,,WR/FLEX
124417-89586,TE,Tucker,Tucker Fisk,Fisk,0.7250000238418579,4,4000,LAC@DAL,LAC,DAL,IR,Ankle,,,,TE/FLEX
124417-102902,WR,Trey,Trey Palmer,Palmer,2.085714340209961,14,4000,NYJ@NO,NO,NYJ,IR,Ankle,,,,WR/FLEX
124417-156152,WR,Tejhaun,Tejhaun Palmer,Palmer,,0,4000,ATL@ARI,ARI,ATL,,,,,,WR/FLEX
124417-89613,WR,Simi,Simi Fehoko,Fehoko,0,1,4000,ATL@ARI,ARI,ATL,IR,Wrist,,,,WR/FLEX
124417-201230,RB,Dylan,Dylan Laube,Laube,0.2999999863760812,14,4000,LV@HOU,LV,HOU,,,,,,RB/FLEX
124417-6672,TE,Marcedes,Marcedes Lewis,Lewis,0.3499999940395355,2,4000,JAC@DEN,DEN,JAC,,,,,,TE/FLEX
124417-102928,RB,Eric,Eric Gray,Gray,0,1,4000,MIN@NYG,NYG,MIN,,,,,,RB/FLEX
124417-62994,WR,Steven,Steven Sims,Sims,0.033333333830038704,12,4000,ATL@ARI,ARI,ATL,,,,,,WR/FLEX
124417-128535,TE,Maximilian,Maximilian Mang,Mang,,0,4000,MIN@NYG,NYG,MIN,,,,,,TE/FLEX
124417-160287,RB,Amar,Amar Johnson,Johnson,0.800000011920929,1,4000,LAC@DAL,LAC,DAL,,,,,,RB/FLEX
124417-73247,RB,Kene,Kene Nwangwu,Nwangwu,0.8571428571428571,7,4000,NYJ@NO,NYJ,NO,,,,,,RB/FLEX
124417-103966,TE,Stone,Stone Smartt,Smartt,0,3,4000,NYJ@NO,NYJ,NO,,,,,,TE/FLEX
124417-185889,TE,Tanner,Tanner Taula,Taula,,0,4000,TB@CAR,TB,CAR,,,,,,TE/FLEX
124417-156197,TE,Bryson,Bryson Nesbit,Nesbit,,0,4000,MIN@NYG,MIN,NYG,,,,,,TE/FLEX
124417-114224,WR,Kyrese,Kyrese Rowan,Rowan,,0,4000,JAC@DEN,DEN,JAC,,,,,,WR/FLEX
124417-226866,WR,Joaquin,Joaquin Davis,Davis,,0,4000,MIN@NYG,MIN,NYG,,,,,,WR/FLEX
124417-60981,TE,Charlie,Charlie Heck,Heck,,0,4000,TB@CAR,TB,CAR,,,,,,TE/FLEX
124417-173626,TE,Nate,Nate Adkins,Adkins,2.7600000381469725,5,4000,JAC@DEN,DEN,JAC,,,,,,TE/FLEX
124417-226875,WR,Ja'seem,Ja'seem Reed,Reed,,0,4000,TB@CAR,CAR,TB,,,,,,WR/FLEX
124417-173631,RB,Dante,Dante Miller,Miller,,0,4000,MIN@NYG,NYG,MIN,,,,,,RB/FLEX
124417-226878,TE,Carter,Carter Runyon,Runyon,0.4000000059604645,2,4000,LV@HOU,LV,HOU,,,,,,TE/FLEX
124417-152128,WR,Dominic,Dominic Lovett,Lovett,0,1,4000,PIT@DET,DET,PIT,,,,,,WR/FLEX
124417-87621,WR,A.T.,A.T. Perry,Perry,,0,4000,JAC@DEN,DEN,JAC,,,,,,WR/FLEX
124417-71241,WR,Brandon,Brandon Johnson,Johnson,1.399999976158142,1,4000,TB@CAR,TB,CAR,,,,,,WR/FLEX
124417-54863,WR,C.J.,C.J. Goodwin,Goodwin,0,10,4000,LAC@DAL,DAL,LAC,,,,,,WR/FLEX
124417-87634,TE,Blake,Blake Whiteheart,Whiteheart,0.23333332935969034,6,4000,BUF@CLE,CLE,BUF,,,,,,TE/FLEX
124417-18009,TE,Chris,Chris Manhertz,Manhertz,0.6000000238418579,2,4000,MIN@NYG,NYG,MIN,,,,,,TE/FLEX
124417-152159,WR,Bryson,Bryson Green,Green,,0,4000,ATL@ARI,ARI,ATL,,,,,,WR/FLEX
124417-138854,WR,Ke'Shawn,Ke'Shawn Williams,Williams,-0.25,8,4000,CIN@MIA,CIN,MIA,,,,,,WR/FLEX
124417-88685,WR,Austin,Austin Trammell,Trammell,1.0166666507720947,6,4000,JAC@DEN,JAC,DEN,,,,,,WR/FLEX
124417-131694,TE,Luke,Luke Lachey,Lachey,,0,4000,LV@HOU,HOU,LV,,,,,,TE/FLEX
124417-206447,RB,Max,Max Hurleman,Hurleman,,0,4000,PIT@DET,PIT,DET,,,,,,RB/FLEX
124417-56947,TE,Chris,Chris Myarick,Myarick,,0,4000,CIN@MIA,MIA,CIN,,,,,,TE/FLEX
124417-104054,RB,Sincere,Sincere McCormick,McCormick,6.050000190734863,4,4000,JAC@DEN,DEN,JAC,,,,,,RB/FLEX
124417-201342,RB,Chris,Chris Collier,Collier,0.2166666587193807,6,4000,LV@HOU,LV,HOU,,,,,,RB/FLEX
124417-135812,WR,Quentin,Quentin Skinner,Skinner,,0,4000,NYJ@NO,NYJ,NO,,,,,,WR/FLEX
124417-87690,TE,Sal,Sal Cannella,Cannella,,0,4000,BUF@CLE,CLE,BUF,,,,,,TE/FLEX
124417-136857,RB,Ja'Quinden,Ja'Quinden Jackson,Jackson,,0,4000,JAC@DEN,JAC,DEN,,,,,,RB/FLEX
124417-55970,RB,Royce,Royce Freeman,Freeman,,0,4000,LAC@DAL,LAC,DAL,,,,,,RB/FLEX
124417-128681,TE,Caden,Caden Prieskorn,Prieskorn,,0,4000,BUF@CLE,CLE,BUF,,,,,,TE/FLEX
124417-94888,TE,Messiah,Messiah Swinson,Swinson,,0,4000,ATL@ARI,ARI,ATL,,,,,,TE/FLEX
124417-103083,WR,Theo,Theo Wease Jr.,Wease Jr.,,0,4000,CIN@MIA,MIA,CIN,,,,,,WR/FLEX
124417-152232,WR,Jordan,Jordan Moore,Moore,,0,4000,CIN@MIA,CIN,MIA,,,,,,WR/FLEX
124417-88752,WR,Charlie,Charlie Jones,Jones,0.46153846153846156,13,4000,CIN@MIA,CIN,MIA,Q,Ankle,,,,WR/FLEX
124417-104117,TE,Joshua,Joshua Simon,Simon,,0,4000,ATL@ARI,ATL,ARI,,,,,,TE/FLEX
124417-69302,TE,Feleipe,Feleipe Franks,Franks,0.0800000011920929,5,4000,ATL@ARI,ATL,ARI,,,,,,TE/FLEX
124417-61112,TE,Josiah,Josiah Deguara,Deguara,0.550000011920929,2,4000,ATL@ARI,ARI,ATL,,,,,,TE/FLEX
124417-71352,WR,Mecole,Mecole Hardman Jr.,Hardman Jr.,-2,1,4000,BUF@CLE,BUF,CLE,IR,Calf,,,,WR/FLEX
124417-110274,WR,Bub,Bub Means,Means,5.574999809265137,4,4000,NYJ@NO,NO,NYJ,IR,Lower leg,,,,WR/FLEX
124417-40647,WR,Marquez,Marquez Valdes-Scantling,Valdes-Scantling,2.3999999364217124,6,4000,PIT@DET,PIT,DET,,,,,,WR/FLEX
124417-193226,TE,Mason,Mason Pline,Pline,,0,4000,NYJ@NO,NO,NYJ,IR,Upper body,,,,TE/FLEX
124417-160463,TE,Tanner,Tanner McLachlan,McLachlan,,0,4000,LAC@DAL,LAC,DAL,,,,,,TE/FLEX
124417-158412,RB,Braelon,Braelon Allen,Allen,3.575000047683716,4,4000,NYJ@NO,NYJ,NO,IR,Knee - mcl,,,,RB/FLEX
124417-156374,TE,Tre,Tre Watson,Watson,,0,4000,KC@TEN,KC,TEN,,,,,,TE/FLEX
124417-142042,RB,Trey,Trey Benson,Benson,7.224999904632568,4,4000,ATL@ARI,ARI,ATL,IR,Knee - meniscus,,,,RB/FLEX
124417-72412,RB,Khalil,Khalil Herbert,Herbert,0.16666666666666666,3,4000,NYJ@NO,NYJ,NO,,,,,,RB/FLEX
124417-147168,WR,Chris,Chris Blair,Blair,1.100000023841858,2,4000,ATL@ARI,ATL,ARI,,,,,,WR/FLEX
124417-104165,RB,Lew,Lew Nichols,Nichols,0,1,4000,PIT@DET,PIT,DET,,,,,,RB/FLEX
124417-87787,RB,J.K.,J.K. Dobbins,Dobbins,11.640000152587891,10,4000,JAC@DEN,DEN,JAC,IR,Foot,,,,RB/FLEX
124417-85741,RB,Clyde,Clyde Edwards-Helaire,Edwards-Helaire,1.600000023841858,2,4000,KC@TEN,KC,TEN,,,,,,RB/FLEX
124417-135916,WR,Brenden,Brenden Rice,Rice,,0,4000,LV@HOU,LV,HOU,,,,,,WR/FLEX
124417-40687,RB,James,James Conner,Conner,9.766666412353516,3,4000,ATL@ARI,ARI,ATL,IR,Foot,,,,RB/FLEX
124417-56059,WR,Trent,Trent Sherfield Sr.,Sherfield Sr.,0.8999999761581421,4,4000,ATL@ARI,ARI,ATL,,,,,,WR/FLEX
124417-128765,RB,Nathan,Nathan Carter,Carter,2,2,4000,ATL@ARI,ATL,ARI,,,,,,RB/FLEX
124417-137990,TE,Tip,Tip Reiman,Reiman,1.099999984105428,3,4000,ATL@ARI,ARI,ATL,IR,Ankle,,,,TE/FLEX
124417-103192,TE,Jared,Jared Wiley,Wiley,0.8999999761581421,1,4000,KC@TEN,KC,TEN,,,,,,TE/FLEX
124417-70426,RB,Reggie,Reggie Gilliam,Gilliam,0.17499999701976776,4,4000,BUF@CLE,BUF,CLE,,,,,,RB/FLEX
124417-138028,RB,Kalel,Kalel Mullings,Mullings,0.30000001192092896,1,4000,KC@TEN,TEN,KC,,,,,,RB/FLEX
124417-119619,WR,Traeshon,Traeshon Holden,Holden,,0,4000,LAC@DAL,DAL,LAC,,,,,,WR/FLEX
124417-69451,TE,Jack,Jack Stoll,Stoll,1.8142856870378767,7,4000,NYJ@NO,NO,NYJ,,,,,,TE/FLEX
124417-58189,TE,Mitchell,Mitchell Fraboni,Fraboni,0,1,4000,JAC@DEN,DEN,JAC,,,,,,TE/FLEX
124417-158540,WR,Hal,Hal Presley III,Presley III,,0,4000,KC@TEN,TEN,KC,,,,,,WR/FLEX
124417-120657,RB,Kendre,Kendre Miller,Miller,4.399999891008649,7,4000,NYJ@NO,NO,NYJ,IR,Knee - acl,,,,RB/FLEX
124417-91989,RB,Jordan,Jordan Mims,Mims,2.8714286259242465,7,4000,KC@TEN,TEN,KC,,,,,,RB/FLEX
124417-104278,TE,Donald,Donald Parham Jr.,Parham Jr.,,0,4000,PIT@DET,PIT,DET,IR,Achilles,,,,TE/FLEX
124417-61273,WR,Scotty,Scotty Miller,Miller,0.699999988079071,2,4000,PIT@DET,PIT,DET,,,,,,WR/FLEX
124417-93023,RB,Jermar,Jermar Jefferson,Jefferson,1.850000023841858,2,4000,ATL@ARI,ARI,ATL,,,,,,RB/FLEX
124417-201564,TE,Cam,Cam Grandy,Grandy,1.100000023841858,1,4000,CIN@MIA,CIN,MIA,,,,,,TE/FLEX
124417-66402,TE,Jack,Jack Driscoll,Driscoll,0,1,4000,PIT@DET,PIT,DET,,,,,,TE/FLEX
124417-93026,TE,Teagan,Teagan Quitoriano,Quitoriano,0,2,4000,ATL@ARI,ATL,ARI,,,,,,TE/FLEX
124417-192359,WR,JaQuae,JaQuae Jackson,Jackson,,0,4000,LAC@DAL,LAC,DAL,,,,,,WR/FLEX
124417-139114,RB,Jabari,Jabari Small,Small,,0,4000,PIT@DET,DET,PIT,,,,,,RB/FLEX
124417-53097,WR,Josh,Josh Reynolds,Reynolds,3.5200000762939454,5,4000,NYJ@NO,NYJ,NO,IR,Hip,,,,WR/FLEX
124417-156523,RB,Carson,Carson Steele,Steele,1.569230739886944,13,4000,KC@TEN,KC,TEN,,,,,,RB/FLEX
124417-120684,WR,Garrett,Garrett Greene,Greene,,0,4000,TB@CAR,TB,CAR,,,,,,WR/FLEX
124417-120694,WR,Ja'Lynn,Ja'Lynn Polk,Polk,2.053846212533804,13,4000,NYJ@NO,NO,NYJ,IR,Shoulder,,,,WR/FLEX
124417-119672,RB,Kendall,Kendall Milton,Milton,0.20000000298023224,1,4000,CIN@MIA,CIN,MIA,,,,,,RB/FLEX
124417-184184,WR,Travis,Travis Hunter,Hunter,7.5428570338657925,7,4000,JAC@DEN,JAC,DEN,IR,Knee,,,,WR/FLEX
124417-94087,RB,DeeJay,DeeJay Dallas,Dallas,0,2,4000,JAC@DEN,JAC,DEN,,,,,,RB/FLEX
124417-23435,TE,Andrew,Andrew DePaola,DePaola,,0,4000,MIN@NYG,MIN,NYG,,,,,,TE/FLEX
124417-94094,TE,Brevin,Brevin Jordan,Jordan,0.8500000238418579,2,4000,LV@HOU,HOU,LV,IR,Knee,,,,TE/FLEX
124417-93075,TE,Hunter,Hunter Long,Long,3.7857142857142856,7,4000,JAC@DEN,JAC,DEN,,,,,,TE/FLEX
124417-64405,WR,Dan,Dan Chisena,Chisena,1.2999999523162842,4,4000,TB@CAR,CAR,TB,,,,,,WR/FLEX
124417-114591,TE,William,William Wagner,Wagner,,0,4000,CIN@MIA,CIN,MIA,,,,,,TE/FLEX
124417-91046,TE,Brock,Brock Wright,Wright,4.257142748151507,7,4000,PIT@DET,DET,PIT,IR,Neck,,,,TE/FLEX
124417-91055,WR,Kevin,Kevin Austin Jr.,Austin Jr.,2.4000000953674316,2,4000,NYJ@NO,NO,NYJ,,,,,,WR/FLEX
124417-69558,WR,Greg,Greg Dortch,Dortch,5.049999872843425,12,4000,ATL@ARI,ARI,ATL,IR,Chest,,,,WR/FLEX
124417-65477,TE,Giovanni,Giovanni Ricci,Ricci,,0,4000,PIT@DET,DET,PIT,,,,,,TE/FLEX
124417-56262,WR,Parris,Parris Campbell,Campbell,2.4,5,4000,LAC@DAL,DAL,LAC,,,,,,WR/FLEX
124417-70601,TE,Harrison,Harrison Bryant,Bryant,0.42500001192092896,4,4000,LV@HOU,HOU,LV,,,,,,TE/FLEX
124417-152522,RB,Phil,Phil Mafah,Mafah,,0,4000,LAC@DAL,DAL,LAC,IR,Shoulder,,,,RB/FLEX
124417-183240,RB,Cam,Cam Skattebo,Skattebo,14.462499618530273,8,4000,MIN@NYG,NYG,MIN,IR,Ankle,,,,RB/FLEX
124417-152526,TE,Jake,Jake Briningstool,Briningstool,,0,4000,KC@TEN,KC,TEN,IR,Hamstring,,,,TE/FLEX
124417-95184,WR,Xavier,Xavier Johnson,Johnson,,0,4000,CIN@MIA,CIN,MIA,,,,,,WR/FLEX
124417-169937,WR,Lance,Lance McCutcheon,McCutcheon,,0,4000,KC@TEN,TEN,KC,,,,,,WR/FLEX
124417-54239,TE,Matt,Matt Sokol,Sokol,,0,4000,PIT@DET,PIT,DET,,,,,,TE/FLEX
124417-85986,TE,James,James Mitchell,Mitchell,2.1500000953674316,2,4000,TB@CAR,CAR,TB,,,,,,TE/FLEX
124417-71662,WR,DJ,DJ Turner,Turner,3.258333206176758,12,4000,LV@HOU,LV,HOU,,,,,,WR/FLEX
124417-57338,TE,Jordan,Jordan Akins,Akins,4.4375,16,4000,JAC@DEN,JAC,DEN,,,,,,TE/FLEX
124417-96254,TE,Nick,Nick Muse,Muse,0,2,4000,NYJ@NO,NYJ,NO,,,,,,TE/FLEX
124417-12553,D,Carolina,Carolina Panthers,Panthers,6,14,3900,TB@CAR,CAR,TB,,,,,,DEF
124417-12548,D,Los Angeles,Los Angeles Chargers,Chargers,6.928571428571429,14,3800,LAC@DAL,LAC,DAL,,,,,,DEF
124417-12547,D,Pittsburgh,Pittsburgh Steelers,Steelers,7.928571428571429,14,3700,PIT@DET,PIT,DET,,,,,,DEF
124417-12525,D,Atlanta,Atlanta Falcons,Falcons,6.642857142857143,14,3600,ATL@ARI,ATL,ARI,,,,,,DEF
124417-12542,D,New Orleans,New Orleans Saints,Saints,5.785714285714286,14,3500,NYJ@NO,NO,NYJ,,,,,,DEF
124417-12546,D,Arizona,Arizona Cardinals,Cardinals,5.285714285714286,14,3400,ATL@ARI,ARI,ATL,,,,,,DEF
124417-12543,D,New York,New York Giants,Giants,2.9285714285714284,14,3300,MIN@NYG,NYG,MIN,,,,,,DEF
124417-12544,D,New York,New York Jets,Jets,3.5714285714285716,14,3200,NYJ@NO,NYJ,NO,,,,,,DEF
124417-12537,D,Las Vegas,Las Vegas Raiders,Raiders,4,14,3100,LV@HOU,LV,HOU,,,,,,DEF
124417-12528,D,Cincinnati,Cincinnati Bengals,Bengals,4.142857142857143,14,3000,CIN@MIA,CIN,MIA,,,,,,DEF
124417-12534,D,Tennessee,Tennessee Titans,Titans,5.428571428571429,14,3000,KC@TEN,TEN,KC,,,,,,DEF